id,text,polarization_pred,polarization_gold
eng_01743ae7a61f2d630ee79da8cd2d2a0f,"Palestinian Muslims, Palestinian Christians, No Palestinian should be killed, tortured or be but in prisons. By the apartheid state of Israel.",1,1
eng_02fdc210c75b2ec254444748b32406bb,November 3rd was a stolen election,1,1
eng_04554b2619fc421fca3a311f39c8a642,Radical left activist Obama judge no more Democrats on the court to extreme,1,1
eng_0563bec36b7e55eec87074991543adb1,"Iran and Hezbollah are targeting military targets in line with the rules of engagement, ironically enough its Israel using human shields to protect their military targets.",1,1
eng_06110f248b7d943fdfe237bfb137d17c,They only look like theyre further left because of how extreme right your party has shifted,1,1
eng_06347e2e2f897b8818270eb9bb6d470a,mike pence is not a real person,1,1
eng_06885388dc820081cb54d0633b2d7bc8,Christian nationalism is intrinsically fascistic,1,1
eng_077cf5b26aea6ff551bd0959be4dbeba,"Hamas started it, Hamas could stop it in a sec, its all Hamas fault. Simple enough.",1,1
eng_07aec08c252f14b4bc87db4ae8f9a1ff,"Probably He sucks Putins dick constantly and we all know where musk stands on Ukrainian sovereignty and independence after he said they should give up all their land for ""peace""",1,1
eng_089a92875dae775b3a150bdf28bacec7,Zionism ZionismIsTerrorism IsraelTerrorism IsraelKillsBabies IsraelIsCommitingGenocide FreeGaza FreePalestine ZionismIsRacist ZionistsAreBigots,1,1
eng_08f8b6321f73eae8c2958d66461b26c8,Was given an open court layup to end Trumpism with the second impeachment and missed the rim by 10 feet. Bon Voyage Coward.,1,1
eng_0917a33dc6701ea02574f13783d7ad33,"If your ""patriotism"" only extends to those who agree with you, its not patriotism its nationalism.",1,1
eng_0a91145ee26fc4466fe79078229e6196,The woke mob has finally come for having a little smoke while you gamble.,1,1
eng_0f5806ce1f19f1f8e351b3ba437daabf,right well enjoy the ban on xenophobia then,1,1
eng_10308dc6a57982d5ced835ac8414feda,Pro Palestine protested Kamala because she was the vice president in an administration that enabled Israeli ethnic cleansing and genocide! Trump was not the president,1,1
eng_104947d9303e83c560dd0fa61f597c33,Joe Biden is living rent free in Drumpfs head.,1,1
eng_11b6e8ca3db05a53b0645f7556bd2575,Cox came early! He really couldnt wait to be the epitome of complete racist xenophobia trash.,1,1
eng_11fa261f3bff86a489efd05c260a8a55,Mike Pence needs to be Chaneyd!,1,1
eng_122a5213a0891c1ea6bc5724cdbd2634,So where are all the second amendment people now that we have a tyrannical government? Seems about time for that well regulated militia part.,1,1
eng_12527a792b53a97a2986c909801780cd,Sound familiar? trump fascism nazis Germany immigration,1,1
eng_1355bd19bff5648f15c0af5945860ce4,If the radical left takes the pole for next weekends Daytona 500!,1,1
eng_14040cc20044ac556adafb2f94bbf7d6,Stephen Miller daydreaming about mass deportation.,1,1
eng_1502b2534ea8152b043e6f285afb9182,ha ha corporate narrative peddlers are the enemy of the people,1,1
eng_163ce99477bb7c3360bed270b8a993d9,"Jimmy Carter, I believe, is probably the only President of the United States who never knowingly or intentionally lied to the American people. America loves liars. We love to be lied to. Our entire national identity is built on a foundation of outright lies maliciously whitewashed history.",1,1
eng_16d947e688dc4373b262c9312a4e2a51,"Its not ""the antigenocide wing"". There isnt a genocide except via twisting that term. Use of it reflects preexisting ideological commitment hatred of Jewish selfdetermination. Amnesty said in 2022 Israel shouldnt be a Jewish state. This is just a rhetorical escalation of propaganda",1,1
eng_17d3b1b6f4e1d0aad2be546991f59629,The corporate press is the enemy of the people,1,1
eng_183614f751ac481833ca7d19a35f7581,Another detachment from reality by the anti immigration fucks. Everyone TOLD YOU what would happen if Britain left. Reap,1,1
eng_18588a9f2a9775ac5ddc11ae2d886fc5,"Zionism does not speak for all jews. ZionismIsrael is the cancer, not Judaism as a whole.",1,1
eng_1900027792f64690e0ba3973166bea62,"So the ethnic cleansing is cancelled, then? You gotta be more clear than this.",1,1
eng_19303dcafb475e59b2a0a941b42d3155,Let those red states enjoy the fruit of their votes! Its FO time of FA.,1,1
eng_195f1eb1c477c7c42a091e3c6eb4d806,Mail in ballots is equal to cheating opportunity,1,1
eng_1a22bf6feacaa504ba151f6466c80a3c,Happy insurrection day! The day where a bunch of idiots followed their cult leader Into attempting a coup. jan6 trump embarrasing election,1,1
eng_1c24b4b8e46174f044ebf2142fb5dea4,Trump loathes her as well. Now she is the target of a Chinese election fraud campaign. And china is trumps back pocket now,1,1
eng_1da4aec22865e58088ead79843f559cf,They think that the Right is going to smite their human shields and forget about them in the process,1,1
eng_1ec3ca022e0c0f55694d2bd7b2038e5f,Mike pence is a Benedict Arnold,1,1
eng_1f0c6e128f4771c44fa9292ae3c094d7,"After stealing credit for the hostage release that Carter brokered, Reagans FIRST EO, was to remove the solar panels and doom the US to fossil fuel dependency and all the war death and violence because of it. Republicans are vile sociopaths. PERIOD. Capitalism is destroying US.",1,1
eng_1fbc9794ed2812edc299ecdb71ad975e,The medical field has been coopted by the radical gender ideology,1,1
eng_1fbeb8eeabb18aac9f5e017fcaa935a0,They should move on from Kathleen Kennedy and the woke mob.,1,1
eng_2089d547da78ffd2535375a305bfdefc,"MAGA white men being, well, MAGA white men",1,1
eng_20fc527d9dc4c6c7b0a18721cf8d8a83,USA taking in 100k refugees like we not a country full of poor refugees,1,1
eng_215567b15a128e428d09b77a4e7e1070,Zionism Apartheid and illegal settlements and genocide. AntiZionism Humanity and truth. FUCK ZIONISM. ITS RUINING AMERICA.,1,1
eng_21603c0a8de89770153b21024db14f82,"Agreed. If blue states seceded, wed be rid of them.",1,1
eng_21be788954d962134e4925b2d34fcbaa,"In the absence of gender ideology, there are still gays and lesbians...",1,1
eng_2303709352b81ad43bf974010b0856ba,Never cave to the WOKE mob!,1,1
eng_23e9f7aa08bc3fac81fc320280116d98,"teh shared values in this case are, colonization, ethnic cleansing, massacres, and cultural genocides.",1,1
eng_24265395eb22119e655e553ebac28802,"Stop with the xenophobia, a hole",1,1
eng_24389811e3a33054d32de6e887e3fb36,The dystopian future novel based on Conservative Values these days is just writing itself. Maybe Nick Cage can,1,1
eng_245573d57e3e5ffffd2349229a6db47c,A lot of lying by the radical left.,1,1
eng_24e9fe67e892467671e40459e02a6700,Not voting to fund a purely defensive system like Iron Dome is radical left and not a centerist Democrat position. Not voting for Bidens infrastructure bill is radical left and not a centerist Democrat position.l,1,1
eng_25d7526f9e24bf003dcd11bf06dc521c,There are some clowns around who will tell you that hospitals are a legitimate target and civilian casualties patients medics are collateral damage.,1,1
eng_26cbaa58699e7864ecb9768e9483c649,"Come on, Jen. There is NOTHING that these clowns think is disqualifying, including insurrection.",1,1
eng_2723300f11f7e750e3c99a551625780d,"Easy, we didnt learn our history, ignored centuries of political wisdom, lost our national identity as e pluribus unum, and did not heed the founders many warnings to jealously guard our liberty against foes foreign, and especially, domestic. Teach your children well! GWashingtons farewell address",1,1
eng_272d286b54bdfa993a95439a1e162761,Oswald Galloway lining up with the extreme right again.,1,1
eng_2892d69934443a0823e9d19eb7661987,"I truly hate these people, anyone supporting this government is now supporting the Russian aggression by default",1,1
eng_289c1c1c61a994560ca71a0ed18692c9,MAGA was definitely duped. The only deep state is Trumpmusk and allegiance to Putin,1,1
eng_28b2caee950c9f36bf977347ad53c567,Defund the Stockton Police Department DefundThePolice,1,1
eng_28d321f0cf8a5596b2a96266932b55e7,NO PUTIN NO RUSSIA ASSASSIN PUTIN ASS HOLE PUTIN,1,1
eng_2904cec56df346e92acfeddb1de6a146,WOW!!! CNN gets rid of Jim Costa to suck on rumps ass! Yes! Time to unfollow CNN EVERYWHERE!!!,1,1
eng_2aec71e47c52306bfddaf3f450f13b63,So CNN is now an extreme right wing misinformation organization CNNIsTheNewFox under ChrisLicht GOPSeditiousTraitors,1,1
eng_2b4f93a36ba95cab5d471fa75de0b6d3,"Support the asexuals? Whats next, supporting xenophobia?!",1,1
eng_2c44d1c411d0454a98763b47bc92e012,Fuq Colonialism Fuq Capitalism Fuq Organized Religion,1,1
eng_2d17d8404b764ba0c0b27432892a7653,stonewall sjw capitalism in a pile of trash,1,1
eng_2d99d27a042091f9c0c615ae22bef1b2,Why are we talking about this four years after the insurrection? Why didnt we do something about it during the four years Trump MAGA were not in power? Why dont we ever do anything about gun control in between school shootings? Am I the only one who sees this?,1,1
eng_2e8f1b1e9939b8082a6d3d89f44c4c47,"Of course, not helping the Red states",1,1
eng_2f8a79afc0d5c5531a9860e6915f145b,Remind me which oligarch now owns CNN?,1,1
eng_2ff616aa2df9018435397492ec2ebff5,Kolakowskis believed his ConservativeLiberalSocialist International could never exist. Perhaps the formation of the BigotIdiotThief Axis will create it.,1,1
eng_30aede71e70a1df6d6668b9c86bcb2ec,Hamas is responsible for his crime,1,1
eng_312ea483f14caf47be8be7edf5fc4f09,Utterly disgraceful to have this kangaroo court keep the prime minister of the only Jewish state from commemorating the holocaust. This is a stain on the ICC which has been infiltrated by and politicized by partisans.,1,1
eng_31d213aa48919a620b7cb0e5010dcdbd,Illegal immigration hurts the working class people people of color the most. Illegals should return to their home countries.,1,1
eng_333322a28c64097aa5cfff452610cca9,Another rigged election by the russians,1,1
eng_33f659122469ca92b31b4c01fd70fcd1,How did the Christian faith go from being pretty socialist I think to bring fascist.,1,1
eng_3404a574b9fe18b80b7394afc9ff3edd,Never. Ever. Forget. insurrection treason notmypresident,1,1
eng_344b089cbfc771ee685d596fde02dfb1,"Yes, this is what happens when you start a war, civilian casualties. That happens in every war, not just the ones the Jews are involved in. Complain to Hamas.",1,1
eng_3574e5173ddfced292428337d2484af3,The GOP intended this to happen.,1,1
eng_35ba757e9b96d5303773974f64588596,Wake up!! fascist Trump authoritarian USA,1,1
eng_35d1b3d76f680c08ddf3263db516bf0d,It is wild that they all bellowed about a deep state conspiracy to investigate them as political enemies and then within a month theyre using the apparatus of the executive branch to investigate their political enemies. Every accusation really is a confession with these folks.,1,1
eng_365f5320ee9cad05590c5bcbbeae770c,forever waiting for the fall of capitalism,1,1
eng_36adbccf0b935cfc6c48bdace145f4a2,Hes worried about deportation hence the ass kissing gibberish,1,1
eng_37cade6b727b8ee9c4c095862ef79f56,Impeachment. Start with Orange Face and dont forget MTG,1,1
eng_37e669e66a992d17a878d2671d71f530,Hard life being a traitor,1,1
eng_386cbdc160964143fdf44f765111dc76,"a sign at my kids ""Witches, we need you. H3x on NRA, Curse for Trimp, Love Potion for all Earths Peoples""",1,1
eng_38fbd6a81fe0bbdcb568a401e642e364,Gender ideology is a pedophile movement,1,1
eng_38fe24396ed866fbfefc46d36886fc6b,So youre a socialist? Good to know. Its never worked. Move somewhere else to try it.,1,1
eng_3a336fc6bc6fda586663750599d8d928,So NOW you want to defund the police?,1,1
eng_3a45fe1a4c886c3865766488edd24941,Expect a Russian statement that the civilians killed in the Ukrainian humanitarian convoy were human shields,1,1
eng_3a9d1ee4585e930f0ae17816dea8a2f2,Breaking news from the future Liberals blame s Twitter buyout for with election interference.,1,1
eng_3b299ad4036e414868c7d324125add10,Open borders and fentanyl for everyone!!,1,1
eng_3b621699a87d7f00db36dfc9aaabb2c5,No jail time for voter fraud? Weak.,1,1
eng_3c47b3dcd19aae41a3fa4b93b7c00ae5,You have been recognized as an enemy of the people. WeSeeYou,1,1
eng_3cde562d4c1661891c07342047c8e923,"Because its about being racistanti immigration or ""tax savings"" or a little bit of both.",1,1
eng_3d6e3e77ac491ed2f023a49bb0606673,Nuff said CNN bent the knee,1,1
eng_3f449cb952887873a1aa75acf82999a6,Trumpism is a subsidiary brand of Putinism,1,1
eng_41f86e299ff7c964ff63a517bd0327a0,Defund the police and use the money to help the community. DefundThePolice,1,1
eng_425bc5c624b2e16a825c2ef4e264a03c,Leftist are anti imperialism and anticolonialism and thats what Israel is its a colonial settler apartheid state,1,1
eng_43b22ccd81b11d91d13b7e073a04d39c,If theres no uprising against Trump Elon soon then Americans dont deserve the second amendment.,1,1
eng_4565d7025dc42f1f117beec09a559dcc,Putin said Fuck yo sanctions,1,1
eng_466c6b326106e7e725bfff25f476a043,"Uutoni Nuyoma is an enemy of the people, at all fronts.",1,1
eng_470bbf158e3da07e45518441e62ae8da,So Trump has officially declared insurrection invasion of the Capitol a lawful action. So Democrats you know what to do next.,1,1
eng_47bd827528d0a6de0a0451b16447f059,they dont teach history at the moskva institute of trolling and populism?,1,1
eng_47e827da8cb57104aa95580b53731fbc,"Why are marxists surprised that anarchists are against statism? Literally ""why are anarchists like this?"" Can be answered with theyre anarchists. Theyre against the state even state socialism.",1,1
eng_48a60d93a01b2220539ec65dc488fdab,Illegal immigration. ILLEGAL That is the key word. What about ILLEGAL do you not understand.,1,1
eng_48fef3c83b80094d91527aee1b871924,Then stop justifying Israeli war crimes.,1,1
eng_4920abab255bfa8a111998e9d71d08fa,"Your captions attached to the parties are totally opposite of the truth. Everytime anyone opposite of your party spoke out, they were silenced. So how does it feel you socialist!",1,1
eng_495311e8b078a2a6f01b5cf2463d6845,"""Gender Ideology"" the existence of trans people. Call it what it is, a call to eliminate trans people entirely.",1,1
eng_497ea7dcdc8ba6e55a61f40fb9079e38,zionism is FASCISM. say things right. also if they are inconvenient,1,1
eng_49d5f108d4befd22bafe6b37127d705d,I propose no president should be allowed to play golf anymore. Fuck golf. And capitalism. Especially capitalism. But golf courses are fucking terrible too.,1,1
eng_4a6517e51bfeff6179e365296341e762,"So the MAGA went from Regular MAGA to Super MAGA, Now Nuclear MAGA! Build the decontamination facility now! We knew they were dangerous!",1,1
eng_4c4b187238e95f8d798a4eba74093c6e,Donald Trump said next Thanksgiving hell pardon all turkeys involved in the insurrection,1,1
eng_4cd41da746fb54d7e3b5216527cfc879,Heres a plan. Defund the police.,1,1
eng_4d3d9f050541318255ba9149b5483c93,BankruptElon should be the mission of the MAGA resistance movement.,1,1
eng_4d67671ed1ad047bb288b634cbcee1ec,The woke mob of Twitter died suddenly today,1,1
eng_4d9eb595be46d2c3b7e32a9927796919,Bye bye demonizing Democrats REDWAVE COMING,1,1
eng_4dff901027debc3f70eb0d2e0d2c257e,Trumpism Died Tonight Im Great With That,1,1
eng_4ed5db54e0940f177fae87c094359750,The rigged election is connected to everything. SA correction is needed immediately.,1,1
eng_4ff956f8b0a455e6b282b8a08f5d6858,how truly and utterly deranged the radical left is.,1,1
eng_50d3a7fa883caa517ef2d4d7ae77cc43,the woke mob wants the NEXT little mermaid to have high blood pressure! not cool!,1,1
eng_50d762724c09069184bb07b66b200063,What a rotten traitor she became!!,1,1
eng_50fab97292034dc9b410e61f065d63d7,No one is watching their propaganda propaganda,1,1
eng_5162d30270281dbe3b4da9e36be55c80,Trump really wanted to seize all the voting machines in swing states pretend the election never happened,1,1
eng_516d5991c6873fc72d28efb9df7aad91,Repeal the Second Amendment. This country is absolutely broken.,1,1
eng_5279555aba8fa5171b7374415dbd8a22,"Scump gives new meaning to the term ""cryptofascist,"" formerly defined as a secret fascist. Hes openly fascist but accepts untraceable payments via crypto.",1,1
eng_55dd2d3e568f38b64fbee9850a08446b,they will lose the war as well. wokegender ideology is the future,1,1
eng_56522f6049d654ddce47a7fa5d650106,And covering up all possible evidence of election interference to boot,1,1
eng_56f16038da78d29040e7bd8d03b71c58,"That ""reporter"" is from FOX News. Hes part of the problem.",1,1
eng_57f5eb97c2e43e718335b240053ef524,I cant believe the roman empire embraced radical gender ideology by naming regions TRANS alpine gaul and CIS alpine gaul s,1,1
eng_57ff5e6b18bdf78bc9262d602a7a2ea8,bro Whoopi Goldberg better be thankful for the Ukraine Invasion covering up her extremely spicy Holocaust take,1,1
eng_5957a4fd9fffd0f37995f910a41f1c75,Not yett. Zionism will lose Israel crumbling,1,1
eng_5a5adaab88efa82226b3cbeb1b490a13,They fell into the Deep State and drowned.,1,1
eng_5adf91263a6923785259f00a1b04a4ad,"Lib shit lmao! Bro, youre the liberal in this circumstance You support American imperialism instead of Soviet imperialism. Thats liberal af",1,1
eng_5b5841a19b984a668eeba9821490f63b,i can only pray that denazification comes swiftly,1,1
eng_5b66f8de7242b3e59df3d1259f55ac15,"Libs think Kemi is ""Bad Enoch"" because of her open borders experiment gone wild. They like Good Enoch Sir Keir",1,1
eng_5c016f8342c6e7302c8057c894bcfd6f,I fixed a paragraph Open borders and a single undocumented billionaire immigrant are destroying America.,1,1
eng_5c640ab9d096a10f04b060dac944f636,"""Denazification"" Putin said. Give Ukraine whatever they need to end this so it doesnt embolden other tyrants.",1,1
eng_5c89253ec6539ca0be5bf03e6c8ce450,A stolen election may result in us getting nuked.,1,1
eng_5ca18e380ee097a8220ae047c31d7121,And also was a failure on day 1 in office regarding israel. Read history. Propping up an apartheid state didnt start on Oct 7,1,1
eng_5d03cae9627a7ffc672b840d7f7e98e0,Mike Pence is Judas x10,1,1
eng_5d7696eff840ed11b080db27f6da6957,At least he declared a state of emergency while he was in Daytona? When will the red states learn,1,1
eng_5e7a103ef94681776fb2658326a4d815,As if the destruction and ethnic cleansing visited on Gaza and the West Bank werent enough.,1,1
eng_609b651879327ceabbdcc2cc29ef6ee5,NATO expansion in Europe is bad. Russian expansion into Syria and Africa is good. Russian logic for the conditioned slaves.,1,1
eng_6156c2781e9f630e37f60e86444d76ad,When do they order all Palestinians to leave Gaza and the West Bank?,1,1
eng_619be160ebafa048b051c064f58ab95a,May his deportation be swift and merciless,1,1
eng_61c1a9aa2a1879fd460cd8b0410d6625,Extreme examples for extreme right wingers who need extreme education.,1,1
eng_61cb25cd5f0336fd5e74249e5b4bbe81,Crying Hamas while murdering children doesnt make them less murdered. Yes Hamas did terror. And what did Israel do? Murder tens of thousands. You saying Hamas Hamas Hamas does not change the fact that Israel been murdering Palestinians for 70 years,1,1
eng_627727cff7fde51d07183dda94ba627b,"Again, does this moron not realize that Canada, as the most populous state, would be entitled to 50 seats in the House and those seats would most likely lean blue? Hello gun control! Hello universal healthcare!",1,1
eng_6392118a28667ecfa4108625206f9b27,These Foreigners are Ass Kissers because they Scared of Deportation,1,1
eng_63a864304cbb5d0769991700c94f417e,"Praise for Kamala Harris for doing her job, highlighting the immaturity of the other side.",1,1
eng_644c17c9a5f57feffc4a08ec8ae88e15,I think he might be waking up to what a voteloser gender ideology is?,1,1
eng_645f8782e81c2bc9510310a614c5161a,"Why? GOP and ""independents"" voted for this.",1,1
eng_64672145aa8753cde8d190eac51ef9ea,Rigged Election noun When MAGAMORONS lose. see also MAGAmeltdown,1,1
eng_66a2ee100c3d00332701d7967c860848,"Biden is racist against Palestinians and believes in ethnic cleansing, hope this helps",1,1
eng_66b80d793e26ae1ad6d4775b7ce0b846,The media is the enemy of the people,1,1
eng_674cda804599d93c54b68eafb92d3d76,Rothschilds zionism is the harlot.,1,1
eng_6812136ac979a979d2a5654fe41f014d,"Sounds familiar, this is Putinspeak. Did Macron already call for the denazification of Poland or is it coming next week?",1,1
eng_6819ef74c3d41cbb126b5bfc340ebd1a,Go live in Gaza if you dare.,1,1
eng_68a23921f5bf1efbcb17a1e8b4c3e727,Drop the Jewish state shit it only allows antisemitic to propagate by attaching Israels crimes to Jewish people as a whole,1,1
eng_6ab2e8a6c38d2e0012c3c0a12eddc0de,Yes. The Iranian theocracys use of its Gazan subjects as human shieldsdisposable martyrs amounts to actual genocide its aggression against Israel was attempted genocide. I hope they hang for this.,1,1
eng_6ba12b6d7cd49f00a201cb2c2b1ffbc0,"""relied"" should be ""replied"" but the intelligent radical left already knew that",1,1
eng_6bffde36263889437ca9313d188dc2b7,Voter fraud is treason! Republican or Democrat! Anyone who commits voter fraud is treasonous and they should be dealt with accordingly.,1,1
eng_6c4e49e93bf6e6a2929ac439a43f95b4,In the antivaccinewoke mobcancel culture team...,1,1
eng_6ccd7707b202e76e545eb3fec09a072b,"Tried to bake in that ""woke mob"" defense.",1,1
eng_6d15317a59344e70726d41fb5f2dd96a,"Free Palestine, fuck Israel forever",1,1
eng_6eab06e5263d42b5ff118e6e3dbd0276,"This. Vile. Genocide. Must. Stop. Middle East crisis live one child killed every hour in Gaza, UN says",1,1
eng_6f76615e88b51d62defe7692c24f9032,GOP Maga followers double standard like always,1,1
eng_723b00f5c85ed853c7668e4df7f71f5e,"Red states utilise the most federal funding for schools. And the lowest performing school districts. Yet they blame blue states for such supposed ""handouts"".",1,1
eng_72df8f1b4e6a876d3b6962d87ea77759,"Annexing Mexico, talk about open borders. I guess tRump doesnt realize that would make them all American citizens.",1,1
eng_735390f1e0263827c94478792961e771,"Not only genocide denial, but genocide justification. Get in the bin",1,1
eng_7401055ead5f0f6d5ebbd4791a18c0cf,Why are you Zionism splaining to Jews?,1,1
eng_7493a50e63bf06e299d0d8218efd5d3f,Not we only the woke mob.,1,1
eng_75776498442bf3041b40169fe69419f6,Defund the Tucumcari Police Department DefundThePolice,1,1
eng_761e7382077e7c01588e599d1f41331b,GOP Grand Old Party GOP Geriatric Oligarchy Party Am I wrong?,1,1
eng_76f31cd7c11cdcafbcbc77dce1d25758,The MAGA voter fraud was spelled out in Project 2025. Theyre doing everything else in Project 2025. Why wont democrats demand a hand count?,1,1
eng_79928f506a52729c38b843e68dcf0c21,"Trump has more felony convictions than nearly all those ""illegalsx. Illegal immigration is a misdemeanor.",1,1
eng_79f89b29f034bd3382d610a3133226e3,"Gas in Carefree, AZ last month Today? Bidenomics from hell!",1,1
eng_7ac19142d25541a96a0ee19efac53615,Tfw you aid genocide by voting for the most ridiculous definition of anti semitism known to man,1,1
eng_7b0f9a28c37f6848d81840433e01dfad,Arrest all those complicit in the USA coup attempt for SEDITION!,1,1
eng_7b753164fcd0b75fd2f3e3de42615e1b,"US Democrats ""fascism is bad"" 5 min later ""Hahahah ethnic cleansing""",1,1
eng_7c0a2bfce8d9a643c2c5dd73e2ef04fe,This is Russia on Stalins This is fascism! It can only be cured by military defeat and the denazification procedure.,1,1
eng_7c6380f4c695673607a82fc85a9cc6d2,Its America. Every downscale white guy thinks tomorrow they will be the next Elon Musk. Populism is entertaining that mass delusion by hurting the people blamed for its failure.,1,1
eng_7d134f24da3a8087a8eacbc19426b836,The real reason for the second amendment is to discourage the rich and powerful from oppressing the poor and powerless.,1,1
eng_7d14cca70f976a18525d64b5b545a34a,Hm.A democratic apartheid state? Shirley some mistake?,1,1
eng_7d5955be61c722f03dc1a34ce4149630,"Will you didnt .bsky.social or youd understand the TRUcuntMP team basically challenged the voting rights of 3,500,000 voters. One butch challenged 32,000 she never met from swing states. But Democrats couldnt do the same kind of campaign so fuck you comment on whites women.",1,1
eng_7d923ef7ac3d1072c42a8c867ac10424,Yes. Satania HAS committed war crimes.,1,1
eng_7dff28b19619a734129628041e5ce072,Youre going to lose a lot of business if you cave to the woke mob.,1,1
eng_7e364a53af28e439f458d95ccdd1a63e,Of course you did traitor,1,1
eng_7e4ae4f2de20154e805b27fc28582dc0,Kamala Harris is a disgrace to all Indians.,1,1
eng_7efbbc846aab1b5d5aba2468499185c2,"The United States should have stepped in and stopped Israel from bombing Gaza almost immediately. It was clear within about a month that Israel was moving far beyond ""defense"" and toward a vengeful collective punishment. By March, it was clear they were engaged in ethnic cleansing.",1,1
eng_7f7ac71feb9444cb3b3b24f87ad1f006,"""Less propaganda? Ridiculous we need MORE propaganda!""",1,1
eng_8002422350717d25bd4e070e5d10aec6,Fight like hell? All you do is support terrorists that are openly homophobic and name calling anyone who disagrees with you while advocating for the destruction of the only Jewish state,1,1
eng_80dbbd45bbb2238a075b5a9ead40c1e7,Soviet propaganda? Sounds just like standard capitalist apologetics.,1,1
eng_8138ad2b73a82a8e91d09b7d7ff43cd3,"Id prefer they targeted swing states so as to inflict maximum political damage. Besides, unlikely red state constituents would ever hold him responsible",1,1
eng_8193da8f814c3173b58f21e0c22b12bd,Hi apartheid state the one and only remaining 1.,1,1
eng_81cfd0914aa209bcd30b20ee153d74b1,Thats because it was never about the inflation. It was always about the white supremacy and Christian nationalism.,1,1
eng_823aec4cebe46e2d62f01fbb76266e63,And yet Socialism with all the handouts is Still Socialism.,1,1
eng_82460defd327ae282d7d509c605c744e,The only reason its this close is gerrymandering in the red states.,1,1
eng_82a4559879408aa2102ee9126caf4583,Stilettos save lives. Defund the police.,1,1
eng_83be7472497a0dbc736aed5298ca6bfe,the LIBERAL agenda is taking over capgc catGAYecter repulsBIvaan spideyymurdock,1,1
eng_863a679b501ff1cf627a06bf5c4c9a75,Kamala Harris lost cause she retarded asf.,1,1
eng_87565962d029762a24f291b8c7ae5044, Is anyone gonna tell Orange Man that if Canada is the 51st state we dont need no border security?,1,1
eng_88570731133f57ddf405ec42d5004e1b,"Oooh no kiddingleave snowflake I give you truth, deal with itoh and watch for it RedWave 2022 and 2024",1,1
eng_896a59b80fe838ce44dfbb354a662f93,It should be deportation to his ancestral country of origin!,1,1
eng_89a78712d647ae9e70f63135655e52c7,"Buybull quoting, traitor. Evil beyond imagination.",1,1
eng_89d7a3f6a6e68e0c990ddc0b4c232aa3,Free us from APAIC and Apartheid Ethnic Cleansing Zionist Israhell,1,1
eng_8b592b4079af3a314aa8ccc0d97931bc,The far right extremist capitalist Republicans are turning into the National Socialist German Workers Party? Wow. Thats an impressive turn of events.,1,1
eng_8b7ef6b025d98237b82c064998e60ae4,Lock them up unlike blue states,1,1
eng_8bc20aba21e50682fed50e4a56912171,Respect from Canada! Screw Donald Trump!,1,1
eng_8bf5fe4d5c650d506aac3122dca80ac4,"Cameron Kroetsch as per usual is completely full of sht and represents a very tiny amount of residents in his own ward. If hes not removed from the Hamilton Police Board entirely, residents of HamOnt have been failed. His Defund the Police buddies are equally full of sht and brain dead.",1,1
eng_8c1cf4c5efa3eb623305072ea355094a,me for president. open borders and free guns for everybody,1,1
eng_8f1a268d1edb6580019442b6b0f94231,A moral abomination imposed by Israel on the Palestinians as an obvious act of collective punishment.,1,1
eng_8f711b7ef79219a2081eaf3d4a387999,"Israel has a place, just not as a Jewish apartheid state. The IDF needs to front up for its war crimes as well.",1,1
eng_8fa3a7604bbb00650bba7ed0e6b79617,i remember someone mocked me for sjw monstergirl propaganda but hey sjw monstergirl propaganda,1,1
eng_9007b0e09cc536e77ada13a618d1a62a,Idiotic capitalism now fuelled by Artificial Ignorance,1,1
eng_9026fde60ea92fb059883d2d2e254c4e,"Also when they use the word ""liberal agenda"" it actually means ""reality!""",1,1
eng_904a957b4d89fd5142ec332ba34754e9,"Russia wont kill civies its been proven video after video, stop using civilians as human shields !",1,1
eng_917d80d3f259c3fc67184efd08802bee,"Where are all those Blue States sucking up Federal Money? At the bottom of the list it turns out. Huh. Yes, there is definitely an inbalance, just not where so many tRumpies believe it is. usafacts.orgarticleswhi...",1,1
eng_92bedb4c41a8ec9c648fa3870d1072b7,Fake news. Get a grip Greg. California cold buy and sell,1,1
eng_92c688d6c182da52cf942d2b6f25d24c,Articles of impeachment should be filed on ALL his illegal acts lest they become normalized. Take action Dems!,1,1
eng_92d2043d5268b45da3926fb6e5c70244,"The genocidal apartheid state would murder her, but that is no doubt your goal.",1,1
eng_9395934588cfefadacf1780b01287d89,"Fuck Trump, please provide more information on Deep State. Any cogent articles, informative links about this?",1,1
eng_93a27059f500e4956fb94de34a1bcd64,They want white nationalism terrorism to organize and gather power,1,1
eng_95def2e8c6b391c3b55b7c119011c204,"the average ""Australian"" resonates with Land theft ethnic cleansing and israel .. ask any indigenous person",1,1
eng_96de074c0b3dc9c07f3f21668ed843f1,WHAT HAPPENED TO DEPORTATION OF FASCISTS NAZIS?,1,1
eng_9799ad47c9da32b5a659ee032b1eb087,"The misdirection from her here is subtle, but it is there, and its all about defending Russian aggression.",1,1
eng_982e30f81657291f53d3e5432f4f1b3a,They gonna have to admit that they didnt care about policies it was the xenophobia that attracted them.,1,1
eng_99feceabdd236da405da627cbcdbd042,"Toxic Foxick. Turn off Fox, its not news its an entertainment channel. Get news from real sources!! Remember how the Insurrectionists wanted to hang Mike Pence? Those criminals have all been let out of prison by the criminal in chief",1,1
eng_9b3c2450b36cad4730d7a8343ec39f61,What a great way increase genuine anti Semitism everywhere while drowning it out with their nationalism,1,1
eng_9bb878a06f6bf4877695e9f068519fc7,And that lad thinks hes a Christian. Harassing asylum seekers at Christmas is pure irony,1,1
eng_9c7d0bcfcb3cc98327d5432ef62d07f7,Fascist countries ban apps. Fascist countries ban books. Fascist countries ban knowledge.,1,1
eng_9cb9b91f5b0fe3cac35845aa0313d64c,"And illegal immigration is destroying the UK, but you have the gall to call out America? Pot Meet Kettle",1,1
eng_9cdcc714db8caae5b64d23fb8c139482,"As the radical left always said, ITS A PRIVATE COMPANY.",1,1
eng_9d1068854c99f50255c314ffd04d4303,He will scorch the earth in order to convince people that the January 6th insurrection was a patriotic act done in his honor.,1,1
eng_9dd57c7e54e24a9a61e01f585134e0d3,"US Nazis, Syrian Nazis, ZioNazi Nazis, Ukrainian Nazis, German Nazis. It looks as though in WW111 we will be on thew side of the Nazis.",1,1
eng_9e48c8ebe9e9e48e757342bde61c4415,"And nothing at all is said about Ukrainian NAZIS or the RUSSIAN SPEAKERS! S REALLY, THEY HAVE NO IDEA WHAT THEY ARE MURDERING, DESTROYING, OR TRYING TO CLAIM LAND FOR!",1,1
eng_9e9479163a2cf2901c81b2e82bf40627,"Clearly they are incapable. Then again, we dont know what Starlink did to rig the results of swing states",1,1
eng_9ebfedb69adbe4ea867a8336d06cf84d,republicans jerking off to cringe ass redwave just sound like theyre talking abt someones period,1,1
eng_9fc9bc4322b6e2826175751f33a7d1cc,The Radical Right needs to be dismantled !!!!! The Radical Left is not far from needing the same!! BRING BACK NORMALCY!,1,1
eng_9fd0e2a88f725b1f2b1bffa5721f415f,This is another voter suppression tactic by Republicans. .bsky.social please vote no on this.,1,1
eng_a0d21ea6a9b9f94776f805bdbc947dad,"Lets take back 25, Fuck Farage, Fuck Trump, Fuck Musk. Bring on WOKE and Socialism. Kindness and Love, Oh and Fuck Israel.",1,1
eng_a192c0f847fc1e0f06534b07e8533161,Basically the leftist narrative always conveniently leaves out that 1 there was a war in 1947. 2_ The war happened because the entire arab world did not accept peaceful coexistence with a jewish state. Fuck around and find out. Wars often create refugees.,1,1
eng_a2baa6e3c6c9c7acd191a4637b469249,Remember Mike Pence spoke up 4 years ago and for it they tried to hang him. Maga is holding the GOP hostage,1,1
eng_a304716971126b4d2a2e723fe4cdbc01,"Apparently, you dont want to invest in Police Services as you support DefundThePolice Ottawa deserves Justice",1,1
eng_a332247d3962ef02bd3b3471d023151c,He is such a lair and always share fake news.,1,1
eng_a35290c4f98a21a894ca37651a7497ec,Israel is an illegal apartheid state guilty of countless war crimes including illegal occupation. This isnt controversial. Its a statement of fact.,1,1
eng_a3ba912b133d239882514eee11732c63,Open borders housing crisis go figure.,1,1
eng_a3e14d43bfae3b74a2f7311509fd9db2,"Projection ""Destroy the only Jewish state"" Meanwhile there are a dozen of failed Arab states Silly nazi",1,1
eng_a40a6c2a6b433ecefdf805ccb3b725e9,Why has not been arrested for voter fraud? I thought it was Republicans who were so fixated on voter fraud.,1,1
eng_a4ebcb68f75974e5172190e2ba6ef119,"Conspiracy theory Dr. Billiam Feathersworth is not actually a duck, but a poorly disguised lizard person. p4a2025",1,1
eng_a52de42204e6a09947577aa385087927,"Also it is ok that Israel will condemn your for loving the Islamic resistance movement, and you deserve condemnation for this.",1,1
eng_a5b4ead7b17554aacc2a56d817b41b87,Early voting and lying about his health,1,1
eng_a65eff5d914f924f9cab9c64a9e6168a,The process is the punishment. Election interference!,1,1
eng_a6b0d5cce80fc94ce263f6a2f54f12f9,Between the salute the mass deportation of economically integral immigrants Its those people who are looking like the national socialist party,1,1
eng_a7205dbc59958f33259e52005cbd5fb7,Not surprised idol Orban will NOT allow military aid to pass through Hungary Orban is a coward,1,1
eng_a8db93b87cfba94deb181081c0bedab6,What is in the water in red states???,1,1
eng_a8f09fa1835578fd0a0e631b3e73439f,"It is not that Mike Pence aggressively cherishes his own butt, its that Mike Pence idiotically abuses fruitflies during choir.",1,1
eng_aa597273b119b192f1c9ac7420055101,mass voter fraud is being committed as we speak,1,1
eng_aa85a787fac2af36752bf54307716ab6,Trumpism stole my family and friends.,1,1
eng_aa9b9a2bb1c4c8b45423d7e1bd351a3f,"Surprise!! Surprise!! Even conspiracy calls against the Deep State cannot help you when you do stupid, legal and traitor activities deepstate greatreporting trump convict shouldbeinprison",1,1
eng_acb43b72d81fbe85ae90b5e9433bd710,Or voting for a fascist.,1,1
eng_ad056293de1df7b8d6bb94f9dc5d8a68,"NBC News thinks Latino Asylum seekers are ""trash.""",1,1
eng_ad326481aaa1e35474d30d4e21abd1f0,So Florida is having a rigged election then?,1,1
eng_aebe842d738bbf97d98b3d1fc9a22ade,"Open borders are completely the result of democrat policies, thats why ""build the wall"" is such a divisive thing as thats what Trump wanted.",1,1
eng_af151935f597e2287c8a7a3a7580dbfb,you are very illinformed about this coup attempt.,1,1
eng_af506a9bf7c6d2637755622f7bed0304,Elected republicans condone acting outside of the law and citizen republicans condone believing outside of facts.,1,1
eng_afcc1c902261007751d70755487ef9fe,Twitters election interference team is actively silencing free speech again.,1,1
eng_afdc79b42e7576f1c8215df1877b4a09,"Anybody out there think that, on our current trajectory, there wont be dimwitted potbellied idiots showing up with guns at polling places?",1,1
eng_b0cd3d5a062ed504c5de771950d448cc,democrats should filibuster every nominee until 2029. and House democrats should be bringing impeachment charges every week.,1,1
eng_b1a5cc0f61c5e51af949a61a3c9edb0d,"The price of covering up the crimes of February 8 is steep. Even if you manage to escape this time, your survival wont last. The foundation of this structure, built on election fraud, is bound to collapse soon. imrankhan",1,1
eng_b4a4b86345ee06b63daef63788752db0,Religious parties have always been friends of imperialism,1,1
eng_b4c949ba267ea06f83760ed5d9a6b85c,NRA Killing American Kids for Profit,1,1
eng_b4f656e9788b61cf52cbf80d40503d37,Waiting for the Left to say this Ukraine invasion is just some AltRight conspiracy theory being used to smear thier precious Joe Biden.,1,1
eng_b661f45d99b447f48e1c3339da1d887b,BS and brought to you by the radical left!,1,1
eng_b721048cb72d697754011fc902caa8dd,South African from an apartheid state running America . Hes your real foreign agent.,1,1
eng_b7ef0a5d9fc4c2bf3a5d3a1414a291cf,does anyone else read extreme right wingevangelical propaganda for fun or just me ?,1,1
eng_b87079d304e1e453b8f21d682a7d58d1,Well the thing is that they arent left alone pal its ethnic cleansing,1,1
eng_b95d0440a293b4e37863a7a3ba02ddbf,"Quite simple, really. No thinking person wants the extreme right wing anywhere near power.",1,1
eng_b9c8d997d5e8c0f300124107bfa728e7,"Israel is an apartheid state officially, which means any retaliation or attack against an apartheid state should be praised.",1,1
eng_bafa157f188a72850e5641bf1dd5df2b,PUTIN UKRAINIAN AUTHORITIES TOOK CIVILIAN POPULATION AS HUMAN SHIELDS TOOK FOREIGN STUDENTS HOSTAGE,1,1
eng_bb116667d4268d334ab3bae4bae7c510,deep state troll lying deep state troll,1,1
eng_bb6b2606deb06541c6f035101b19c137,"Breitbart ""exclusive"". Youre such a clown.",1,1
eng_bc025e7d4f82ca52777c89248a924e5a,Itll be a cesspool of Fake Votes.,1,1
eng_bc3b422451990525e99142f7cca445b6,Now onto the election fraud in your state.,1,1
eng_bcc3d3896ee3ed2d31d33c1c9246c0da,Lionel loves Zionism too. Trump Cultist.,1,1
eng_bce03288b1753b275e8244aac20012ab,So you support Trumps deportation policies.,1,1
eng_bd079ccb6d2a54da2bfc47336f5fd8bc,Plz there is happening an ethnic cleansing in Asf. StopHazaraGenocide,1,1
eng_bdcdd0557deaa894d3d562e34f0273b8,Hes already a failure and he hasnt taken office yet. Grocery pricesFail. Russian AggressionFail. Cabinet PicksFail. Human BeingFail. He fails bigly!,1,1
eng_be4518394e02fcc6ccf23dac2c426b96,"Its called 250,000,000.00. And a rigged election.",1,1
eng_be9febcbe0e1d336e18dd42394cc8e46,Lights the blue states on fire with planes and fires and decimates the govt and completed the coup,1,1
eng_bf016a05ff68a57c3a73a46a009d8259,Is the EmergencyMeasuresAct crowd also the DefundThePolice crowd?,1,1
eng_bf6f1118475a18a32dac69e291de9053,The TrumpPutin propaganda machine is very effective.,1,1
eng_bfacbfdae0627b5a5221a6b3040f9a95,Breitbart??!! How far right do you need to go!! Unbelievable.,1,1
eng_c0a8872c3dff6731d8ded476304d9616,Putin already broke it. Putin is antipope.,1,1
eng_c1e13091e6cf2304ae773ee5f20b58b7,Religion is a conspiracy theory.,1,1
eng_c27035dc045266ef167e7d4a11837d5c,"the difference is that we dont have the time to allow a resistance movement to incubate, and were not up against resistance to progress civil rights or a specific issue Vietnam. Were facing the immediate threat of fascism. There will be no workers revolt workers are too busy working.",1,1
eng_c2885cd28cccaf968ba7b7a59f8e42ee,GENOCIDE is not selfdefence. 437 days of Racist mass murder Ethnic cleansing GENOCIDE.,1,1
eng_c2eac8bf763dbfd6281eba42f175f7bb,Do not comply with trumpism,1,1
eng_c53569ec2095bcda77f6e2f67d1078c1,His cult have no idea and are still getting news from Fox News,1,1
eng_c6da4f8e280721a3c7478657cb16c1ff,What will the woke mob come for next? Dog Cum?!?!?,1,1
eng_c7513cf078e6c3fb091d250197a6c4e2,"Most Waffle Houses are located in ""RED"" states. I hope MAGA enjoys the lowering of egg prices.",1,1
eng_c997deb92b62881f310d0754d43a7521,"Very hard to see. Perhaps concessions from Ukraine that somehow back Putins ""denazification"" pretense",1,1
eng_cb5a8d3378f78a13c01fad17cf9e3e96,Radical gender ideology is destroying womens sports.,1,1
eng_cb9b5eac15923e685a4c0ae752d4d9d2,Republicans are a hate group,1,1
eng_cd05fa0b5ab1c36ae997e790b28fbf3b,i love living in a fascist autocracy,1,1
eng_cde29b5c94a105668e3ee750125259aa,Fuck people who oppose the Second Amendment,1,1
eng_ce0fce3d00c12a8e954799e4b81afec7,Welcome to four years of even more shameless racism and xenophobia for the Red Hat masses,1,1
eng_ced1f036710aef954fe39dca3f4f2bf5,Where the hell was has THIS Mike Pence been?,1,1
eng_cf2e7d0bcd944eaf559d2ca6710bffeb,Ahhh so now youre antiimmigration? Oh..thats right..youre just ok with illegal immigration,1,1
eng_cf42114315c176b7325d66c43c3e2725,Dont overlook voter suppression efforts in Florida and everywhere.,1,1
eng_cf840005e1cd7563d09ee4c2578dcb33,A radical left wing negrowho will only side with the demoncrats!,1,1
eng_cf9ad9342d2ccfa4094a41dd820138ef,"just having a little lighthearted fun, chosen ahole style ""Jewish settler opens fire at Palestinian schools in West Bank""",1,1
eng_cfaea85c83d621df00d5eab475fd80d9,I guess their antiimmigration policy does not include Indians,1,1
eng_d0066dc5ac77bac1d62888cb47147ddf,if you hate capitalism just say youre broke,1,1
eng_d049334af526f1605f76649845df11aa,Why explain when what they do is playing on xenophobia?,1,1
eng_d0dbfd1330452bae39b04ebad84345d0,The antiimmigration party makes exceptions when it benefits them personally.,1,1
eng_d1f5486314d6f63c9bad53a60ebefa16,"Genocide, Apartheid, ethnic cleansing. Israel is a crime",1,1
eng_d29d0e6b59a28ea84f7d701337285820,"Remember, if the police have no duty to protect you, their only purpose is to be used against you. DefundThePolice",1,1
eng_d2e29bce3871b633c55884ab476d8e72,"If theres one thing I can credit trump for, at least he waited for Hitlers insurrection to enter public domain",1,1
eng_d2f5efb755545af05c2326c67836df17,Q will go extinct because of Kamala Harris.,1,1
eng_d31615857fdde99581df7d94364de699,Go to democrats and sabotage democrats. c,1,1
eng_d3c043ae73d3516fbb2549a575053903,"The radical left is at it again. Same playbook 1. They accuse anyone who says illegal votes are being counted of being a far right wing conspiracy theorist. 2. It turns out to be happening... 3. They AGREE its happening, but now thats actually GOOD!! 4. They use lawfare",1,1
eng_d49683251fcb1fc627abfa4b8acea95f,"Hot take Theyve always been fascist, now theyre just openly fascist.",1,1
eng_d4f08c009aad0860f4289c11fa1f6dd4,So you have no issue with ethnic cleansing?,1,1
eng_d4f8af60b8d3c00f440710e9fd07f87c,Your entire cause is supporting US propaganda probably in support of another coup attempt.,1,1
eng_d58d381bbb5b0e8f3b4f83f1fa2a74d4,The stated aim of the US political elites is to pacify Whites through ethnic cleansing.,1,1
eng_d59cf7395f7409006b8e6bfd51991d1f,who remembers proper guacamole? the woke mob has made them remove the flavour,1,1
eng_d5f3c8b1c027e3fec93b864057866add,Even with extra votes from The Villages Trump still couldnt beat Joe maga trump JoeBiden voterfraud,1,1
eng_d64ce581999394ad8671158997d519e2,Fascist oligarchs now control the USA,1,1
eng_d6786e7dda1aa3ff0542c40c45bc8dcf,"Drumpf is exactly the type that Jesus wouldve railed against. Christian Nationalism isnt Christianity. . . but hey, fascists gotta do that whole Orwell speak.",1,1
eng_d6dbe801006609a22d11f9b665fdf490,"Noones holding elections because theyve been under military occupation since the last one, but you dont want to pay attention to that because it distracts you from jerking off to dead brown babies",1,1
eng_d7293256d5f8f02f7b8ed21a3a908faf,"Oh MAGA,MAGA,MAGA, thou has mangled idleheaded thinking, about security clearance!",1,1
eng_d73907522f03c52dc2b27822371737b8,Israel is committing genocide in Gaza and the West Bank.,1,1
eng_d73d1e7330d16282d394840fd4a22c82,"More than 700.000 stinky terrorists settlers r living on stolen land. Thats an act of war itself, means military occupation, checkpoints fking w palestinians lives. Ergo Israel is the only one responsable of all the violente there. The ICJ has made it clear, get out then u can give moral lessons",1,1
eng_d74b5f157f9d0310f08a253e4416f9b2,Just look at the kinda lifestyle hasan currently lives. It is a complete mockery of socialism.,1,1
eng_d79e61dd8370046c5bcf8bcd52096274,The woke mob has decided to make Batman 3 hours long,1,1
eng_d845e6b7db9b546012645603e8e0a226,The context is that Israel is a settler colonial apartheid state.,1,1
eng_d8e443ccac4a644cfbcbfbe9b2469565,To MAFAL Make America Fascist At Last.,1,1
eng_d9b43692d64c287fff04d38f1cbb5086,"MSM calls the illegals, migrants or asylum seekers!",1,1
eng_da0963300a13fa583be1af902ab8dba5,"Yup. Misogyny, racism and xenophobia. Its what MAGA runs on and its really that simple.",1,1
eng_daca9bfee7e126fbd1ac4a9d1432997e,literally parroting extreme right wing takes you arent an anarchist you are a fascist,1,1
eng_dbbd397556ca2f48f0672c571ab408a3,"The left overusing ""fascism"" is the identical twin of the right overusing ""socialism"".",1,1
eng_dc15d9d56d6b3d9c97d1f8390ebeebed,"You left out armed guards, human shields and forced religion",1,1
eng_dcd16add0fc7e69f2a408404a49da2b7,Conclusion AfD and Zionism are deadly.,1,1
eng_dd2df5809127d2e1cc87a82660e99d27,They are panicking. The whole gender ideology tower is crumbling and they know it.,1,1
eng_dd949d49cd6c44aaf79885c1568bbd68,The formerly sane but now lunatic Professor Jeffrey Sachs says NATO expansion provoked Russia Media parrots govt narratives Diplomacy ignored by US Calls for peace now Israel runs US foreign policy Trump could save the republic Completely unhinged @URL,1,1
eng_def317406b5e0e0cce531263b7fd3420,Funny how Elon Musk talks about Deep state shit thats against him and then goes and does the same Deep state shit in other countries. So Indian forces fought against terrorists that had american weapons and Starlink equipment. STARLINK IS NOT AUTHORIZED FOR USE IN INDIA. So how did they get it,1,1
eng_df0ba4a12ba9d2cf3f9efb4999cd0e7f,"The other way around actually, the US uses American tax money to fund Israels Iron Dome, Free Healthcare, and Free University Education. Thats 3.8 billion dollars each year for nothing in return, really.",1,1
eng_e0c80108c01f15c4732d69131c3dad20,He targeted several swing statesits very obviously he well played to steal election for Joe Biden,1,1
eng_e12c77e5dbfa8c2ff7b74d81cb52a622,"Yup. Travel is the cure for xenophobia and racism, while education is the cure for fascism.",1,1
eng_e1b7a4f1665f702285d7145a88cd0349,Haartez presenting the truth about IsraeliWarCrimes highlights the obscene proIsrael slant of our mainstream media.,1,1
eng_e2034c61f75087f43595a6e1c0326e73,"Drinking the tearz of the race baiting fear mongering Liberals keeps me hydrated. Nobody cares about ur feelings, snowflake!!!!",1,1
eng_e2b25f425165eb346f76b12e1e9ab669,Blinken is the Butcher of Gaza. Blinken ButcherOfGaza Gaza Genocide,1,1
eng_e3c82fa9810981731760a05680ebcc97,Human shields sounds like a very Russian thing to do. Thats if Russia didnt do it on purpose.,1,1
eng_e53d424c16297505159c4ea783d41229,i forgot Trump doesnt care for Fox News. bye Fox News.,1,1
eng_e58f5f71d246b71530cba1f293095d94,The ethnic cleansing apologist wants to opine about how ethnic cleansing is bad. Thats some deep fucking irony.,1,1
eng_e5f986881da51d8621a38607c1883d92,WHY ISNT THIS A BIGGER STORY? The media lately ignored that Donald Trump secretly spoke with Vladimir Putin as many as SEVEN times since leaving office. The conversations coincided with Trump pressuring Republicans to block military aid to Ukraine. TRUMP IS A TRAITOR!!!,1,1
eng_e6c7c96f0224d4e58622f3a277a6ebd7,Oh also illegal immigration has decreased. But caravans and Haitians eating pets you know,1,1
eng_e73c8e5fc46b9bf2867bf32c8c4722d4,Ukraine invasion is the master plan hatched by them to start WW3 ?,1,1
eng_e79d5ab71a6fd492a39fdb4f44f59841,Terrorist TPLF used Tigrayans who as human shields on Nov 4! UnityForEthiopia UnityForEthiopia BeFairUNSC,1,1
eng_e808ee6d52d31a07c653cc0b1aa05212,Trumpism is the definition of LYING,1,1
eng_e95223c917821c440b47500c0dee982b,FCK CNN. I cant watch anymore!,1,1
eng_e95e0c31a06ae22498a8e4ca86b8d94d,The GOP are all about cruelty.,1,1
eng_ebf259a5fc88d9d8d38f7d2c4dd86220,Insurrection. should be in jail. Under Leavenworth. Thatd be good.,1,1
eng_ec358e99f5c45353ab5f9ef790adc605,Heard Kimmel eats Kamala Harris pussy,1,1
eng_ecb665152817a2630c4a668211de48fa,"free palestine, fuck the western colonialism and their beneficiaries enablers and supporters.",1,1
eng_ecfee934e42b0ab3ea33a57da76348ac,The only solution I can see now is forced deportation,1,1
eng_ee8b1ba642806b1172294237070e1d32,Wahhabi extremism meets offshore imposed Zionism.,1,1
eng_efa00277c2a9661572fe5e2ae2165154,Donald Trump as Neville Chamberlain. Pitiful.,1,1
eng_f00c2e7e75d7514b050bcfe58b19c67b,Hamas doesnt want peace and they use their own people as human shields.,1,1
eng_f0d6d8f3c5927a103fd7c4839a9a8e69,Yall are not social justice warriors youre internet bullies,1,1
eng_f1524dd0dbdf6f103ea408bd0b0d3eb4,Fuck that. Red states just need to secede,1,1
eng_f2f34816d6a26ab0941f49de167a95ef,"Stand by corruption, human shields, Vogue .. only misguided ppl use this flag.",1,1
eng_f31a2a6f52d6f639b50850735414e60e,NATO expansion while HIMARS pulverizing and burning the filthy skin off of fascists thank you Russia,1,1
eng_f33757b8589c6a9f892ef7cd42f0db7a,if you disagree with me youre a fascist!!!!! Has never read fascist theory,1,1
eng_f3c7891635bfdaff85621126d9be3cde,Gaetz Greenland imperialism Mattgaetz irrelevant hasbeen sexualpredator,1,1
eng_f40408e0285883f8252b18dfa34cb3a2,Putin first then Elon. Putin manipulating them both.,1,1
eng_f4585cb7c76a77b2ad0de142f494bd26,Where was that guy during the impeachment. Fuck you sir!,1,1
eng_f49280eb35b1bd0e501f133d2c339e21,They are in league with imperialism,1,1
eng_f4b50149d90945e30d0da880278f2a60,Back and rejuvenated and ready to help create the Bluewave! We must not let the Rethuglicans to chest their way into office!!,1,1
eng_f767d5f3f8254b874efaa0f151ce1138,What Are you NOT going 2fight back? Our Resistance Movement Or ANY Movement. Just fight for US. Fight 4 your COMMUNITY. Dont sit around wait to react To whats coming. Play OFFENSE. Just fucking FIGHT. My God. Step outside of yourself. then tell us AND THEM about it. LeGoGiRe,1,1
eng_f859046e5553b519528a2497533e5162,Multiculturalism does NOT work. Think pile of unwashed dirty dishes left in the sink.,1,1
eng_f89f4d90ca66e032c303fed00104edfc,Says the party of defund the police,1,1
eng_f8a3900dbe27683794b408babec6f354,Mike Pence is whiter than paper,1,1
eng_f94ff8ec73609190395b65ef5f6c39dc,Cawthorn Republicans go to coke fueled orgies Cawthorn Im Republicans,1,1
eng_f95434d7e15b2f0184c6a6c5736ddb7c,Everybody out hear bragging and arguing about who started the resistance movement that hasnt done anything... who fkn cares. Sitting around hashtagging things and collecting followers like baseball cards isnt resistance FuckTheirWallet ResistRevolt MakeThemAffraid DoSomething FarFarLeft,1,1
eng_f97621c62127822c7ec1de4196a4d091,"Azov cowards are desperates,they dont allow civilians to evacuate,because they will be annihilated without human shields.",1,1
eng_f9fe0ff421f58630040bc42dc798756f,Theres a humanitarian way to handle this migrant crisis. This is not the way. I hate that cruelty and hatred are the values many emulate in this country.,1,1
eng_fbb1c152b8c7ce10f1de7dbbbf66b8cb,Newsflash to these idiot politicians pushing the Gun Control BS. Criminals dont abide by Gun control laws,1,1
eng_fbd3d168a3e3496fd5ef450ec821a68a,MAGA arent conservatives. You are MAGA. MAGA are the ruination of America,1,1
eng_fbe64bd3e3654a092ed0675e885d5e2a,"Ceasefire ""IM SPEAKING!"" is not ""Ceasefire,"" but please cope harder. Surely THIS time the Democrats will learn from their mistakes, right?",1,1
eng_fc6874054283b933a2c2e04aec01894e,Donald Trump is a genocidal sociopath.,1,1
eng_ff133b4e178df42cda7150aa6cf2214f,This seems highly partisan election engineering. No one should want to open that Pandoras box. Lets make all gender surgery auto voter registration!,1,1
eng_ff953a036e8c03f306ed3315d39347d7,"Regretting that ""Defund the Police"" thing now?",1,1
eng_ff9e1752115c1f341b52ca6dadedbe71,"the dichotomy between red states and blue states should make any republican rethink they views. is anyone saying they feel in danger going to blue states? people of color and queer people arent safe in red states. mfs gripe with blue states is they cant call folks slurs, not they fear for they lives",1,1
