id,text,political_pred,political_gold
fas_0043b4658f95e502f41964fa9e1288ce,اصن چرا باید با این همه اتفاقات هنوز دانشجو داخل محوطه دانشگاه تجمع کنه؟,1,1
fas_0198dbfec4ab6131375838e51c89cc4b,راه حل ترامپ: در کلاس‌ها باید محکم بشن و بشه از داخل قفلشون کرد. 🤬,1,1
fas_01e3fc09bed6c17a46f055fe4e0868d3,درست است  بخصوص با ترور کردن  مردم بی گناه شاهچراغ و گردن داعش انداختن,1,1
fas_0242c5503df84339ad8ae95bffb9b42d,توییتر ثابت کرد ما ایرانیا ظرفیت آزادی بیان نداریم,1,1
fas_03572e9aec67d404abd7e74d565929d3,فیلترینگ اینستاگرام و واتساپ حکم بنزین رو داره! نمیدونم چرا مسئولین متوجه نیستن یا اینکه نفوذیا زیاد شدن://,1,1
fas_03e34da1d2be47533ac8a17b6db1e78d,گشت ارشاد جمع نمی شود بلکه خودتات با هم جمع میشوید‌,1,1
fas_0434605a3779b437de4cb70f952e1b84,نمی خوای از ترور شهدای هسته ای یا خاشقچی چیزی بدونی؟,1,1
fas_04b84945642c777f283c1b03d539b238,برخلاف عرزشی و آخوند بی وطن و وطن فروش,1,1
fas_04c68f3ec6d5c67419211c2fe69f4a09,واقعیت این است که بیمه تکمیلی، زاییده ناتوانی تامین اجتماعی در عمل به قانون است.,1,1
fas_052c83706fe6324b7a04428ba7bc5caf,از ترسشونه دانشجو هارو یا اخراج کردن یا تعلیق یا ممنوع الورود به دانشگاه 😡,1,1
fas_053671370875075ff65dfe167a641d95,حالا برجام هم بشه قیمتا که پایین نمیاد دلار میاد پایین به این صورت که شما میری ترکیه یه کیلو گوشت میخری برمیگردی ارزونتر در میاد,1,1
fas_057211807e4a9bf54368d2ba53aeb921,این حرف رابرت مالی نشان از عمق نادانی و عدم شناختش از  ج اسلامی دارد. خامنه‌ای برجام به چپش هم نیست روسیه اما شیشه حیاتش است!,1,1
fas_05802c67bd22d8136ff75b03c46fadfe,اینا رو نباید به جرم خیانت به کشور اعدام کنن؟ :)),1,1
fas_05decb834b8b4d87230d7f374c52a765,دکتر سکویی رفیقمه فرزندم:)))   من رو سر ترامپ فالو کرد اصلا قربونش بشم بخش عمده‌ای از قلب من برای ایشونه,1,1
fas_0678cf45db2707f8baf854bd4179067c,وی در ادامه حضور بدون حجاب اجباری در این مراسم را رفتار عامدانه بر خلاف قانون نامیده و بیان کرد که با آن برخوردی قاطع خواهد داشت.,1,1
fas_069bd609b72499643bd07193a3c48e2a,اینا که تو مصادره حرف ندارن، مردم شعار  میدادن #ژن_ژیان_ئازادی  منوتو میگفت مردم سنندج میگن ژیان ژیان پهلوی,1,1
fas_06b9cecf27610f93d651ac5e88abdee9,چه کسی بیشتراز زمامداران اسرائیلی  دراین مذاکرات میتواند اندوهگین باشد؟ ناتوانی از متقاعد کردن آمریکایی ها برای حمله به ایران. ناتوانی از عمل خصمانه علیه ایران به صورت تنهایی. تسهیل شدن حزب‌لله و انصارلله در صورت توافقی جامع به صورت مخفیانه.  بیش از هر زمانی احتمال خراب‌کاری(ترور) وجود‌دارد,1,1
fas_07014cf648ed723e98c22f1127e64498,انقد حواسشون به حجاب ما بود و سرشون تو رختخوابمون، که از افغانیا غافل شدن.,1,1
fas_07b0feb7793e1f4841ae93efae4fe308,کاشکی ی اطلاع رسانی میکردن الان دمای داخل گونی چند هست😉,1,1
fas_07b53ea53a9ffc0815ece594d25dc17c,شما مال ارباب اسرائیل و ارباب ترامپ رو از تو حلقت بیار بیرون، نگران بقیه نباش,1,1
fas_07e99752ee90080e0d4fa4742d4d69c8,تیم مایر، ریاست محمد بن سلیم در fia را «حکومت ترور» خواند. بن سلیم با خنده پاسخ داد: «خودتان به fia بیایید و ببینید.» او هرگونه توهین را رد کرد، از چالش انتخابات استقبال نمود و قول رهبری شفاف و قانون‌مند داد.,1,1
fas_08d4d7a6f1b725fbd19a1455aaf9e536,در اصل حجاب قانون شریعتی هست، حکومت هم بر دو قانون جلو میره. یکیش قانون اساسی یکی دیگه قانون شریعتی,1,1
fas_0924998c49e77c7fdf61230e4e390257,مشروطه خودش واژه عربیه پادشاهی پارلمانیه  ، دگ چرا سختش میکنی ، نمونه‌ش انگلیس کثیف,1,1
fas_09539581342ac9f9e4b674115a6a117d,بی شرفی یعنی، رسانه سعودی چشمش را در برابر اعدام های آل سقوط میبندد و دیگران را محکوم به سرکوب و اعدام میکند. #خبرنگار_وتنفروش,1,1
fas_0976c9862c9ef272268de1375eb4abba,اونا رو فراری دادیم که آزاد بشیم که متاسفانه توسط اینا مصادره شد,1,1
fas_09af78acc8364735e24f89848c8bd381,بعضیا اینقدر ترسو هستن و اینقدر به این وضعیت عادت کردن که حتی اگه رفراندوم هم برگزار بشه باز رای مخالف نمیدن,1,1
fas_0a79211e93b8f5cd6f8d572c4ccb2cfc,وقتي ي بي سواد با رانت و پارتی بازی میشه رییس بیشتر توقع نمیره,1,1
fas_0ba92bb8b365ae0c410ff44e728a0257,سلام فرمانده، ترامپ و تمام دشمنان جمهوری اسلامی ایران مردن,1,1
fas_0bf4552278b4850275bab6c88a34f146,به عنوان چپ ها هرگز نفهمیدیم و انقلابمون مصادره شد.,1,1
fas_0c01a65c94421d3e8de5b2cf5897cbf2,اینا تخصص در مصادره همه چیز رو دارن,1,1
fas_0c5f949331c6175d9578dc8a8c5dcae7,پاکستان هم فقط به زبان حمایت میکنه، ایران تمام این سالها به خاطر دشمنی با اسراییل در فشار جنگ و تحریم بود، الان همه کشورهای همسایه اسراییل و کشورهای حوزه خلیج فارس با اسراییل دوستی میکنن و ایران تنها مونده. حتی مراکش هم به قطعنامه شورای حکام رای مثبت داده که نشون میده اینا در حرف مسلمونن فقط.,1,1
fas_0dd8bdab4d5b608b53e26c83a841e8a3,دوستان رانت تحصیلی رو برای من توضیح میدید اگر امکانش هست ؟ یا دیده دریا کنم و صبر به صحرا فکنم در ندانستنش,1,1
fas_0df9e4c28c86b958a7a37d911a49fd56,خلیج فارس ، چند بار بگو دهن کثیفت عادت کنه آفرین خلیج فارس,1,1
fas_0e2e0c26e34d9ec2702c969f7aed58ce,اونوقت ادعای انقلاب دارن برای آزادی بیان  😔,1,1
fas_0e5813902db2f9926466be1b5acd1405,با این وضعیت توقع فرزندآوری از مردم فقط از سوی یک احمق امکان پذیر است,1,1
fas_0ed632d523b2434426b39ae9c84711f1,در زمان ترامپ فکر کنم ،مدیر دفتر ،دوستی ایران و آمریکا بودند,1,1
fas_0f188524f1202d530ffb8cd36d4861f9,رهبر طالبان می‌گوید اعدام بخشی از اسلام است و هیچ دستور اسلام نباید ناتمام بماند,1,1
fas_0f6e80cceafa3e79b89d7593f520727c,تو همین ماجرا نخست وزیر گفته باید با مسلمانان برخورد بشه! چرا آزادی بیان ندارند ک اعتراض کنند!,1,1
fas_0fa4513bc4d9d19274c7d0628b3f9688,داشتنِ اسلحه و میلیشیاهایِ محلی یک حقِ طبیعی است که قرنها در میان مردمانِ ایران رایج بوده است. پیروزیِ انقلابِ مشروطه نتیجه اتحادِ میلیشیاهای محلی علیه شاهِ قاجار بود. داشتنِ اسلحه و میلیشیاهایِ محلی حقِ مردمانِ ایران است و باید مجدداً اقدام به تشکیلِ آنها کرد.,1,1
fas_0fec451016a9424650c2367c17a85df7,برای پایان دادن به رانت.,1,1
fas_10aa76fb05e131cccc2aa24e7012b6db,جمهوری اسلامی با جمهوری دموکراتیک سکولار فهمیدی یا بیشتر توضیح بدم؟ البته من سلطنت مشروطه نظرمه,1,1
fas_10c6199ff1c8668ad963104034b05c39,ترامپ بهترین رئیس جمهوری ایالات‌متحده آمریکا بوده که دقیقا برای منافع آمریکا تلاش میکنه,1,1
fas_10dc8e375141636ed6d909d5c0d8bc39,شنیدم که مصلی زمینش مصادره ای بوده و شاکیه خصوصی داره و شکایت کرده براهمین جلو ساختش گرفته شده,1,1
fas_11149b2e1c4ddb8e2291bd170dc45b75,بستن خيابان اعدام داره!,1,1
fas_11830f3788772d43645f1de46072a48b,همین گوسفندان رو مردم میفرستن مجلس,1,1
fas_11a0978f7c82de7095ef498d391c5f99,بچه‌ها مجبوریم زودتر تمومش کنیم. مجبوریم تا بچه‌ها رو اعدام نکردن,1,1
fas_1221f68b94a906b026a63a676a74d591,دیگه کار ازین حرفها گذشته،شما تو دبستان بچه 8ساله رو کشتید ،میخواید به دانشجو ودیگراقشار رحم کنید,1,1
fas_1242e53ad0cd15a797bba601fe840fa9,قانونا نمیتونن حکم به محاربه بدن چون فقط به یک نفر خاص حمله کردن البته اگر قوانین رعایت بشه,1,1
fas_124c8e8b044c3aa675d0fea278537bde,فرق بین حکومت مطلق،مشروطه و جمهوری رو نمیدونید با ۱۵،۱۶ سال سن میخواین وقت منو بگیرید بابت بحث سیاسی؟,1,1
fas_1271abefc69da6ebba4fb06564b58294,"فیلترینگ در واقع ""تحریم مردم توسط حکومته"" تا با فشار اقتصادی دست از اعتراض بردارند",1,1
fas_13eb56cb41a4aa2894a06c7583ff06da,شک نکنید اگر آمریکا مدونست با خروج برجام ماهم لگد میزنی به برجام میایم بیرون هیچ گاه از برجام خارج نمیشد,1,1
fas_1427d35e69029a6ead2470483cf3e765,برای تموم خونه هایی که مصادره کردید به اسم کمیته وبنیاد مستضعفان,1,1
fas_14282f27bb8f260fa50ee7dff6c0730e,برعکس گفتی وقتی حرفی از برجام نزد یعنی توافق وقتی از اعتماد حرف میزنه یعنی ی پل نشون بده تا سی و سی پل را نشونت بدم,1,1
fas_1435e42f94aa6b8d4019369be6c1b6dd,سرتا پای مملکت شده رانت.  مجلس انقلابی  و دولت انقلابی هم نتونست از رانت شیرین دلار ۴۲۰۰ تومان  چشم پوشی کنه!,1,1
fas_153011f2b0b443f5785a6417abde24d3,اگه اجازه ميدادن اون گرتا پدسگ رو اعدام كنم ميرفتم,1,1
fas_1589e200a30edc055dec866d03d996e1,حالا برو کلی پول خرج کن سلام فرمانده بساز از رانت حکومتیت استفاده کن همه جا اجرا کن,1,1
fas_16ce774c398c6e1ad7a4f9c71f29846f,بابا یه کاری کنیم کمپین بزنیم واسش، نباید اعدام بشه   #مهسا_امینی,1,1
fas_17cf3e6c312b0b057ce40f3b8d771e5a,اگر مردم فکر کنند انتهای حرکت حاکمیت مسی و رجوی و جندگی و هرزگی است هیچوقت با این حرکت همراه نخواهند ش .,1,1
fas_17f1618572bb08cc5c9da778c5f4c575,خفه سایبری رانت خوار اختلاف ننداز,1,1
fas_17fde8f56185a58dc0f5d41afcc8ca43,چند ده هزار میلیارد تومان در سال وام ازدواج و فرزندآوری ندهید، بدهی سازمان‌ملل را بدهید، یک رای اقلا در جهان داشته باشیم.,1,1
fas_1894bbbf7d718f8ca5d94880f7279918,اعتصاب آکادمیا و آموزش ملی عقب افتاد به خاطر اعتصاب راننده قطارا! :)))),1,1
fas_1a1d215b3bb6b67417b851bc5085a1bd,رفراندوم برگذار کنه، یا مثلا حجاب رو کلا آزاد کنه، یا هرچیزی که با اصل ج.ا در تضاد باشه. آمریکا و اسرائیل همین الان بازی رو بردن. نتیجه‌ی مذاکره براشون مهم نیست، پس چرا از توش یه برد تمام عیار نسازن؟ یه بردی که اگر ج.ا یا میپذیره و خار و خفیف و اخته میشه، یا باید گورشو گم کنه و بره,1,1
fas_1a3c3760b97f8e99df05f74ac8d11bde,موضوع رو فقط به حجاب تقلیل ندهید. خواسته های مردم فقط حجاب نیست. از برداشتن حجاب داره شروع میشه.,1,1
fas_1a7991109f1d86212caac9467cf1f357,جالب اینجاست که همین جنایتکاران جنگی قصد دارند بومی‌های قاره آمریکارو از سرزمین‌هاشون دیپورت کنند. بیشتر مهاجرانی که هدف آیس و پلیس مهاجرت هستند بومیان قاره آمریکا هستند. کشورشون با مداخله‌های سیاسی_اقتصادی آمریکا در شرایط بحرانی قرار گرفته و این مردم راهی به جز مهاجرت ندارند.,1,1
fas_1b569053b7c397be0230b0e74cf8d6fd,اما چون مجلس شورای ملی نداریم، (به مجلس شورای اسلامی همه که نمیشه برد، اصلا قانون مشروطه جمهوری اسلامی رو به رسمیت نمی‌شناسه چون اگر بشناسه خودش ملغی میشه) پس نتیجه می‌گیریم یا مرگ رضا سس خرسی و علی‌پاتریک دودمان پهلوی تموم میشه والسلام مگر اینکه یاسمین یه پسر بزاد. لیترالی قانون تخمی مشروطه.,1,1
fas_1b85f76fdf703cd320b91b761ec4af22,آخی ....بعد عمری یه سلبریتی پشت مردم دراومد ...دارید میسوزید نتونستید با دلار و رانت و پارتی راضی نگهش دارید,1,1
fas_1c4d3425e4e36c6dc78ae084e2101193,عنابستانی عزیز پس فردا قراره رفراندوم بذاریم که دارتون بزنیم یا زنده زنده اتیشتون بزنیم حالا خود دانی,1,1
fas_1cd2f14f246aa19b409f9ce4b4849982,رییس ایرانی پارلمان نروژ اگر ایران میماند درنهایت میتوانست اعدام شود...  #جبر_جغرافیایی,1,1
fas_1dd61b1a36917bbf1e9eae9ffc9f34db,#چشم_انداز_برای رژیم مهم نیست ، چه کسی رو ترور کنه هر کس مخالف باشه جوابش گلوله س,1,1
fas_1ebe42cfc8a27beec36b1d9fff0827fa,دقیقاً درسته نمونه‌اش اینه که ملت حجاب کسی براشون مهم نیست، تو مترو، تو خیابون، تو نونوایی، تو بانک و هرجایی، تنها کسی که گیر داده به حجاب سیستم و تعداد خیلی کمی از هواداران سیستم هستن. رفیق شدن ولی ظاهرا پیش نخواهد اومد مگر اینکه سیستم تغییر کنه,1,1
fas_1ed613a951be2ddd2f4d3bb297ee5374,من همه‌ی آنچه شما می خواهی را در شکل پادشاهی مشروطه میخواهم,1,1
fas_1fb35eddcb70b861e068783933b13fd2,حسین شریعتمداری خردمند حساب نمیشه. خود نتانیاهو و ترامپ خطرشون برای ایران کمتر از حسین شریعتمداری هست.,1,1
fas_2120d1e0bf6765fea7fc8f6d9d6fd699,واقعا توییتر خیلی جای سمیه به اسم آزادی بیان هر کی خیلی راحت ذات کثیفشو نشون میده,1,1
fas_219fc5b2564351d67c9a35f92f4932b9,یعنی سیاست ترامپ در مورد بحران اوکراین همین بود؟,1,1
fas_21a2bfa9d25e9c37b765577f5f6f78b2,اینها را زده بود میلیونها نفر داغدار و اعدام نمی شدند.,1,1
fas_2246096690d7a62bfb07612c7f304914,وای که الان چقد ترامپ لازم بود  جاش خالیه...,1,1
fas_22e1c40c5d7adf7257ccd59c0c512a32,بمیرم. هر روز مردمو ترور می‌کنن. از همه طرف گرفتار شیاطینیم.,1,1
fas_232d1a19e9e529ab8f80df240fde8606,اگر نتوانیم نفت بفروشیم به دلیل تحریم های ترامپ است.  اگر بتوانیم بفروشیم بدلیل قدرت برجام است.,1,1
fas_237062806293206ab5fa5b3a84a1452a,بنظر میاد حمله روسیه به اوکراین خط بطلانی به احیای برجام باشه...  کار یه سره بشه راحت بشیم با این اسکولایی که میبینم توو جامعه و محیط کار,1,1
fas_23923709c54c7653490066749f96ae33,حالا اگه بعد این ماجرا قضیه گشت ارشاد نخوابید یاد گرفتن وقتی آتیشی میشه مطالبه‌گری کنن😏,1,1
fas_239530c7a8467e684887ebcb930047f0,نماینده مجلس شدن؟,1,1
fas_239acea320be3811fdc2c70a21fe5978,درباره گشت ارشاد دوگانه کاذب خاتمی_احمدی نژاد راه انداخته اید؟ به خدا عقل هم چیز خوبی است.,1,1
fas_23bb5fa483440ae8507ee5e737313054,بجه ها اگر بیخیال بشیم هممون اعدام میشیم:))) #OpIran #مهسا_امینی  #اشنویه,1,1
fas_2407ececff14563b2ba9a9451eec3081,منظورش از جهت دزدی، فساد و رانت هست البته,1,1
fas_2446965410e9c9c514f5ed8be33c7189,سردار جان، پس لطف کنید با یک رفراندوم و نظارت بین‌المللی از رفراندوم، بر دهان آن ده درصد مخالف بکوبید.  منتظریم اثبات کنید.,1,1
fas_2452e66f0d6c9375a8ab4baecf4fb8cb,جواد قارایی، مجری تلویزیون: هر چه سریع تر چند سلاح اتمی بسازید و تمام تاسیسات اسرائیل را نابود کنید به تمام ناوها و پایگاه های آمریکایی حمله کنید. تمام پالایشگاه های نفت کشورهای حاشیه خلیج فارس را به آتش بکشید. با ۲۳ امتیاز و ۱ نظر فرستاده شده در بالاچه اخبار و حواشی سینما و تلویزیون,1,1
fas_24de8c47996a4ca1148113cd0274c790,چند تا کشور میشناسی با نظام پادشاهی مشروطه ؟ اطلاعی از پیشرفت انواع اداره جوامع داری اصلا ؟,1,1
fas_255aa0b16a97efb3e0f032f1c3aa8b6a,برای بهت صبحی که نمیخواستیم باور کنیم که اعدام کردید....  #مهسا_امینی   #OpIran,1,1
fas_256c12c9df3a951aee144671c8bd67dd,مردم از خنده     ولی انصافا محسن رضایی در ترور و کشتن ید بیضا داره,1,1
fas_2653a2edce3fc3f1d2e6e71dbd6e66a9,عوعوی شغالان هم میگذرد و نوبت گونی میرسد روزی,1,1
fas_2869d68dc157948c00d55ec93c13634a,ویتکاف: ما هرگز توافقی مانند برجام که در آن تحریم‌ها برداشته شوند و هیچ غروبی از تعهدات آنها وجود نداشته باشد، انجام نمی‌دهیم..ما معتقدیم که آنها نمی‌توانند غنی‌سازی داشته باشند، نمی‌توانند سانتریفیوژ داشته باشند، نمی‌توانند هیچ چیزی داشته باشند که به آنها اجازه ساخت سلاح بدهد.»,1,1
fas_2878dfe1cdb5ba60bd28a1b59a11dba3,به ترکیب میرحسین، جان بیدار و ترور سلمان رشدی که فکر کنی میفهمی میرحسین رو باید به کجات بگیری,1,1
fas_293510a4ab165789b55a88c48bea66f1,ولی چپول‌ها میگن باید اموال ماسک مصادره بشه، چرا؟ چون داره به مردم دنیا ظلم میکنه,1,1
fas_29b547425097d4808b73fe76575a092e,تا کی قراره این جنازه برجام رو زمین بمونه؟,1,1
fas_2a685d286a6609636ef8572c2e8d5216,نمیدونم مدیره، رییسه، رهبره، صاحبه، خلاصه سرکرده حزب دگوری بدردنخور مشروطه نمیدونم چیچیه😅,1,1
fas_2b76ade1c1f846253c8b428883a9a926,هم‌زمان با روز جهانی آزادی مطبوعات، عفو بین‌الملل از ادامه سرکوب هدفمند رسانه‌ها و محدودسازی آزادی بیان توسط طالبان به‌شدت انتقاد کرد.,1,1
fas_2bce1b357f691e95929e4df3018d2780,برای بیزینس های شکست خوردمون بخاطر رانت و تحریم!!,1,1
fas_2ce11d01380dc152b242e7a49dde060b,الان یه بیشرفی میاد میگه ما که چن ساله گشت ارشاد ندیدیم😑,1,1
fas_2cf2bca325ef0265251d806f90ae24a4,با مجازات اعدام مخالفم مگر برای اینایی که دقیقاً سر اسپید لیمیت میرن. گاز بدههههههههههه,1,1
fas_2d1dd1f06bd6849cbfa640b72ac27ad4,متاسفانه گویا  در کار توافق  داره کارشکنی میکنه البته امیدواریم که دروغ باشه,1,1
fas_2e2e74f9f0e8b54a7853b80ab003cc36,تو جیب رانت خوارها تو جیب اونایی که کار میکنن تو جییب اونایی که اختلاس میکنن,1,1
fas_2e74150d7b1435a4ce945ace47d225aa,حتی ترامپ وقتی قاسم سلیمانی رو زد اینقدر واضح راجب ایران حرف نزد.خیلی چیزا در صحنه بین الملل تغیر کرده,1,1
fas_2edfaa095ccebf1487c16f82c8c36317,اصا اینا رو فقط باس از کون اعدام کرد,1,1
fas_2f30bf8e3a259ad893b2a9a0a7d56cd6,به جرم چی اعدام شد؟..  #مهسا_امینی,1,1
fas_2f85f37b7ed0ec07b913d20f80f4bc0d,ترو استوری نیست اما اقتباس از رویداد هاست و قطعن به لحاظ محتوایی با ماهیت مشروطه کاملن هم خوان است,1,1
fas_2ffab374fb37e303cfe5a7b3c327cc0e,متاسفانه یک خط فکری معتقده بعضی کارها فقط اسمش بده. مثلا اسم سانسور را بذارید صیانت حله. اسم موسیقی را بذارید آلودگی صوتی یا....,1,1
fas_30a7807bdf6ca3e084e51c06f85b68d4,رانت خوار که شما ارزشی هایین  هشتگ پولی توییت پولی,1,1
fas_316d103a221c7d66169d1d9fba802d2f,احساس خطر کردی آقای عبدالله مومنی رانت خوار؟ همه دشمنان ایران به کمک جمهوری اسلامی شتافتند,1,1
fas_31b2a939c839c25ab442735458856552,مثل اینکه شما آدم‌بشو نیستید. می توانیم روی پادشاهیِ مشروطه پارس (یا «جمهوری پارس» اگر سلطنت‌طلبان بگذارندتان) برای شما توافق کنیم و راهمان را از هم جدا کنیم. بقیه هم جمهوری فدرال خودشان را درست می کنند در یک کشور جدید با نامی تاریخی مثل مدیا یا حتی نامی جدید.,1,1
fas_3222f1b774a73dc21b437c5319cbb301,آمریکایی‌ها کسی را که سرشناس‌ترین و قوی‌ترین و مدبرترین فرمانده‌ مبارزه‌ی با تروریسم بود ترور کردند.   #پدر,1,1
fas_32798fcc500b9ca1101eb29d3f166600,اخه جاکش ! میتونی لباس تبعیض و ظلم و رانت و بی ناموسی و مفت خوری رو در بیاری … !,1,1
fas_32cf7a477357f7301c100b65789e1e3f,کار خود جمهوری ترور ، مادرجنده ها آخراشه ، هرگهیم بخورید از خیابان نمیریم,1,1
fas_33d4ea5867ddde3c0a6232616eff681a,پارتی بازی و استفاده از رانت.,1,1
fas_34059b2de07d0d79d14cf25eec36142d,معلومه رفراندوم که خودش برگزار کنه قبول نیست. رفراندوم تحت نظارت سازمان ملل.,1,1
fas_346359146675a1c904851e99490b76af,ببخشید اشتباه شد..ترامپ کیم رو تهدید کرد,1,1
fas_346a544f88b6d6caae6ebfa9a80d2966,یعنی فقط جوری که این مسلمونها از آزادی بیان غربی‌ها برای خفه کردن صدای مخالف‌هاشون تو سوشال مدیا استفاده میکنن برام حیرت‌انگیزه,1,1
fas_35658eaee0d174c9e791cbe460ff15d5,خنده دار این است که نام و تصویر و موضوع ترامپ در توییتر بسیار است .اما از خودش خبری نیست!,1,1
fas_3599bdaf3bfffb2ebe415b67f78be6c9,زمان ترامپ همچین غلطی نمیتونستن بکنن,1,1
fas_37107fb2036c90223ee02242f58d5688,گشت ارشاد خودش مگر قانونی است کارش... که مثلا فاطمه معتمد آریا نیست؟,1,1
fas_3720dc5f1a1fccaad97678c0e7bd59d3,از تمام شدن دوران رانت و دزدی ترسیدی!؟ حق داری جانم😂,1,1
fas_37aee5e96474a7df8e60071017a5c553,هرچی می‌کشیم از موسوی و رهنورد و خاتمی و روحانی و مخملباف می‌کشیم  حجاب رو اینا اجباری کردن بهروز وثوقی رو اینا ممنوع‌الکار کردن کوی دانشگاه کار اینا بود,1,1
fas_384309ce5fa49cf5a22800c1cb613b4c,آبسولت عزیز و گرامی دختر ترامپ داره سعی میکنه که برای ریاست جمهوری کاندید بشه بعدها خواهند فهمید,1,1
fas_39ab5bbf7feb441497c5a8b9204e9a49,بنظرم از همون لندن تو گونی حمل و مشایعتتون می‌کنند به سمت کشور 😁😂,1,1
fas_39c902418e77b0cb5cf27cbf20640b1c,خاک تو سر بایدن...اگه ترامپ بود الان حقشونو میزاشت کف دستشون  #زن زندگی آزادی,1,1
fas_39f4aa76792d81e20c260818f5b92292,چند سالتون بود که فهمیدید الآن منو می‌کنن تو گونی می‌برن؟,1,1
fas_3a7279c968d7e24423aa268c7dc52bec,رد پاى ترامپ در اين توافق ذليلانه كاملا مشهوده!,1,1
fas_3a877dcf956b7a19b8cad173449bd8f3,یادش بخیر. روزی که ترامپ در فرودگاه بغداد اشپزی به راه انداخت چه خشتک‌ها که برای عدم جنگ با ایران در امریکا دریده نشد,1,1
fas_3ab6032dc4c012377ebb7ca87e4a06a9,ادامه کارزار «سه‌شنبه‌های نه به اعدام» ایستادگی در برابر ماشین کشتار جمهوری اسلامی,1,1
fas_3b12f5b64403fc8a459dee680799711e,۲۴ آبان، تجریش تهران، لحظاتی قبل: امسال میده کشته سپاه، مرگ بر کل نظام  #اعتصابات_سراسری,1,1
fas_3b76b612fab20a2ab82e6d4ad88a9456,ترامپ رو خود جمهوری خواهان دیگه نمیذارن قدرت بگیره   الان بحث این چیزا انحرافیه   تا اون موقع ما انقلاب کردیم,1,1
fas_3d3162a2eb80097a1fe06d44e114b9be,امام گوه خوریش ملس بود..این یکی که حتی جرات نمیکنه اسم رفراندوم ببره,1,1
fas_3db55bea7536bbb3161b2936d2551f50,دموکرات ها دخل ترامپ و پمپئو رو میخوان در بیارن بندازن گردن نوکرانش ج.ا,1,1
fas_3eb956d9167889edbe83f47049d6e8f8,آسوشیتدپرس: اسرائیل با ترور ۱۴ دانشمند هسته‌ای ایران برنامۀ اتمی این کشور را چندین سال به عقب انداخت,1,1
fas_3f46a5231e46208916c595e03f447795,خنده‌ام میگیره وقتی یک سری‌ها به حکومت پیشنهاد میدن. مثلا میگن قدر نخبه‌ها و مردم رو ندونستید و اینجوری شده پس از الان فلان کار رو بکنید. یا میگن برای اینترنت و فیلترینگ فلان کار رو بکنید بهتره. عزیزان باید خدمتتون عرض کنم اونها از اول هم خودشون میدونستن دارن چیکار میکنن و الان هم خوب میدونن.,1,1
fas_3f477d1de96bca62aa71278df1614e35,این سری امیدوارم رای بیاره   یکم از شر چپگرایی و گلوبالیسم خلاص شیم   رای بیاره با ترامپ تیم خوبی تشکیل میده,1,1
fas_403828cb60e090748725f072aedf6fdc,علی نیکزاد(نایب رییس مجلس): نظر ما داشتن اینترنت اخلاق‌مدار بر مبنای ارزش‌های اسلامی است.این فیلترینگ نیست.,1,1
fas_404a3b9602b5d75f597d28a27f85cbef,پارچه فروشای بازار اعتصاب کردن.سپهسالار هم همه وسط کوچه ان.وضع اسفناکی شده,1,1
fas_40da8de07028015e686788245cc6a80e,اموالش را دولت باید ضبط و به نفع بیمارستان‌ها و پرورشگا‌ها مصادره کند.,1,1
fas_427a2608e316da94bcf66cfbf6c670ed,آقایی که ادعای آزادی بیان دارند و از اینکه توسط نمونه ماستودون سوشیال بلاک شده اند ناراضی اند ناراحت است و ایمیلها می زند به خاطر یک سوال و جواب مرا بلاک کرد.,1,1
fas_4282158a6567861413413f30937f56a8,اعدام چینی چجوریه؟,1,1
fas_42db5a71874e3ba9421ebef21fd53485,موافقم. در دورانش با دخالت های بیجا و رفتار پرحاشیه اعتراضات عمومی به سلطنت مشروطه اوج می‌گیره,1,1
fas_43e6045266323d41e4423427693e4686,خدا مانند پادشاهی مشروطه قدرت مطلقه خود را به دیگران واگذار نموده,1,1
fas_43f64f6fb09408b4dd4313b2fbb0bdc4,برجامتان را شما چند سال پیش هم امضا کردید اما در قبالش یک بیلاخ گنده از طرف ترامپ نسیبتان شد.   شرم برشما خاینین باد!,1,1
fas_440f26da61847e5e0f3ba6c31e31a356,مصادره شدنی نیست؟!  پس شما سلطنت‌طلبها چکارش کردین؟,1,1
fas_452258ee50c78c08efb3730fed506765,عجب! شما عرزشیها کلا عقل ندارین نظام انگلیس مشروطه سلطنتیه اما نظام حال حاضر ایران جمهوریه آخوندها دارن اینم موروثی میکنن,1,1
fas_452bbf01d1f66ad432727d3a079a0062,ترامپ هر چی گفت درست گفت,1,1
fas_4675799c397918fe327e9e8a5664d60f,از یک شوخی و هم‌جنس است با لجن‌پراکنی‌های امثال علی ربیعی، حسام‌الدین آشنا و پایگاه خبری انتخاب، علیه انتخاب و سلیقه‌ی مردم و ضدّ رسانه‌ی عموم مردم کشور که حتّی به ورزش و سرگرمی جامعه و حریم طرفداری فوتبال و باشگاه استقلال و استقلالی‌ها هم رحم ندارد. پایانی ندارد خطّ تخریب صدا و سیما، از جانب پروژه‌ده‌ها و,1,1
fas_46ecd849865fee80af7165f932efe4d3,از این سیاسی بازیا  گفته خلیج فارس سیاسیه,1,1
fas_46f65265548a56f6501862bba12678aa,حذف. نمیشد. چه کار میکرد همچنان پرونده های رانت ادامه پیدا میکرد قاچاق هم,1,1
fas_4718b4e4c8beadd1142acd655af7bcc0,نظر من اینه که باید اعدام بشن,1,1
fas_472d0ed6f713cf0b43369ecfbfad5ca1,قدرت منطقه ای رو باور کنیم یا مظلوم بودن گشت ارشاد رو؟,1,1
fas_47f93c0b00e75d8b0fbce04fc3f8dec6,كلا همه بايد گشنگى بكشن تا رانت خوارها بازم شكمشون گنده تر بشه,1,1
fas_484bedabbdc1e1de6c4db2975a750c6e,آره با رانت و حقوقشون خیلی زیاد میشه,1,1
fas_49083bc701843e82e8c03b9efba633bf,مگه محمد رضا شاه با پول بیت المال دانشجو نمیفرستاد فرنگ همونایی نون خوردن نمک دون شکستن .,1,1
fas_4935b4ab2b96820bc2e6e3be064a936f,بذار یک ماه از حضورت تو توییتر بگذره بعد خواست کل مردم رو مصادره کن😑,1,1
fas_497dcac6278d8394206dfecc4413d6c8,نه مربوط به ترامپ نیست. خیلی از ایالت های آمریکا جدایی طلبند کالیفرنیا هم فقط یکیشونه.,1,1
fas_4a3619f28c68abb2be1f8742f880e4e4,اصلاح گشت ارشاد؟! شما مثل این که به شعارهای مردم زیاد دقت نمی‌کنی.,1,1
fas_4a67219dcd9cd08ea2175872bfa8f41e,از لحاظ روحی نیاز دارم موساد به وسیله شیاف مسموم عاغا رو ترور کنه,1,1
fas_4b531cbfa7d042525406370057a060fd,خوبه ترامپ رفته و بايدن فروش نفت رو ناديده ميگيره اوضاع اينه وگرنه اگه رئيسي دوران ترامپ بود كشور رو هوا بود😀,1,1
fas_4c2fadddd263d5d27f259da4da561c94,ولی اینکه جرمش اعدام نیس سوزش داره,1,1
fas_4c64eb2ed1c0c73e0a014eadd4dbb6d4,اعدام‌های نادرست غیرقابل برگشت هستند. گزارش‌هایی که در مورد اجرای فعلی مجازات اعدام در جمهوری اسلامی ایران دریافت کرده‌ام، من را به شدت نگران کرده است که افراد بی‌گناه ممکن است اعدام شده باشند و همچنان ممکن است اعدام شوند.,1,1
fas_4c73955a7e9fdf19da9a2fc3cedc4c62,الان نت همون عرزشیایی هم که میگفتن ما توی ایران آزادی بیان داریم قطع شده یعنی؟:)),1,1
fas_4cb0002218cdce0c30dedd1719390459,مشروطه خواهان اونایی بودند که در مجلس بودند و رای دادند به برگزاری مجلس موسسان جهت اعلام انقراض سلسله قاجار و شکل گیری پهلوی :),1,1
fas_4d004db247b15045da9f3006de46456d,داداش آزادی بیان الان توی آمریکا هم نیست کشکه‌ هر رژیمی حاکم بشه برای بقای نسل خودش مجبوره صدای مخالف هاشو خفه کنه,1,1
fas_4d6e8138a12ad605caf86906cfa7c6dd,نسل‌کشی تکونشون نداد، اخراج یک مشت دانشجو و استاد و پلیسی شدن جو اعترضات به نسل‌کشی هم تکونشون نداد، ولی الان قطع شدن فاند دوست‌هاشون شدید تکونشون می‌ده و انتظار همدلی هم دارند. اهالی تراز رسانه :)),1,1
fas_4e760b9d9752e361f781d9cbe97c25bc,دانشجو ها باید برن دانشگاه تا اعتراض کنن اینا میخوان خونه نشینمون کنن تا نیروهاشون نفس تازه کنند,1,1
fas_4ec52ccd843bb0ed1a232c40fa4739ea,مشروطه، ۵۷ و حالا. و حالا. دارم به جملهٔ تا سه نشه بازی نشه ایمان میارم.,1,1
fas_4fadae96839a8b23a031de0f9e364d4e,سازمانی جنایتکارتر از idf داریم؟ دولت‌های مدعی دموکراسی اعتراض به این سازمان جنایتکار رو با یهودی‌ستیزی معادل دونستن و بی‌بی‌سی هم از پخش بدون سانسور اجرای باب ویلن ابراز تاسف کرده.,1,1
fas_4fe1a3553b87399dd262185ca81ef91c,یک سری باهوش رانت خوار و تئوریسین، یک سری کم‌هوش ( نه لزوما هوش ریاضی) فاقد قوه تعقل و مزدور. نمونه هر دو رو هم دیدم,1,1
fas_502fa08c8b458b0707d202a464485215,ننگ بر این مجلس مردم فریب    #طرح_صیانت,1,1
fas_519d3c35c940e15a855b5232d2930695,ترامپ درست گفت کل اون ساختار سازمان ملل فقط waste of time and money,1,1
fas_51bcd5f8f6777b65d7ac71b01e4b11ee,وقتی ب دانشجو مثلا نخبه (پخمه) رو میدین نتیجش میشه این. حداقل اخراج باید عواقب خوبی باشه برای این جماعت.,1,1
fas_5219951d739ff9f75bc012ed7df8c0f5,بسیجیا دارن گونی میارن واسه عرض ادب خدمت برعن دازان,1,1
fas_521fe34aefc70c9c64b7bc5f8f08065c,اون مأمور گشت ارشاد هم اگه سرکوب بشه خانواده اش از نون خوردن می‌افتن 🥺,1,1
fas_534072b88215ecd18716abd5acc3e0ec,تو خری یا خودتو زدی خریت ،،دانش خودش ترور را به عهده گرفته,1,1
fas_534f96b3703de8ba3498808daabc1392,هرروز داره زیباتر می‌شه. امروز یک محکوم به اعدام رو در آمریکا با جوخه آتش اعدام می‌کنن. آخرین بار پونزده سال پیش این شکلی اعدام کردن. بعد میگن وا چرا نمی‌خواهید ایالت پنجاه و یک باشید. به همون دلیل که نمی‌خوام برگردم تو غار زندگی کنم.,1,1
fas_5385e50e0d0852cdcadbf48411a99539,بهتره دلت پیش وطن نباشه چون همین وطن تا چند هفته دیگه چوب تو حلقت میکنه خائن وطن فروش,1,1
fas_53e22c4bb964340dc700189c53b60ee1,وجه اشتراک:ایلان ماسک،بیل گیتس،جنیفر لوپز،جانی دپ،هلاکویی،ترامپ چیه؟,1,1
fas_54856912d9b31be0ab7640513a262c3c,مامور نیروی انتظامی وسط مترو صادقیه به خانما میگفت از این در نرید، گشت ارشاد هست,1,1
fas_54d19120fd7294b58c81539e68db1543,این گشت ارشاد خودش از نتایج جوگیری قبلی هاست! ایام به کام,1,1
fas_54f99de4a71876e14d435bbd1df0673e,شاه رو برمیگردونیم ، ترامپ هم برمیگرده ، ماسک هم میندازتتون بیرون ، با همون جاوید شاه هم نسلتون رو منقرض میکنیم.,1,1
fas_55db1d78f3f53889a19df82e7381e1de,خیلی از افرادی که اموالشان بعد از انقلاب مصادره شد، به خاطر حمایت زبانی از شاه بود!  علی کریمی فرقش چیه با اونا,1,1
fas_56f406e7f8cb67c998d135613d5af025,با تأسف طلوع نیوز هم گوش و زبان یک گروه تروریستی شده است یک روزی خودش را حامی آزادی بیان می نامید,1,1
fas_57225c3ca5245c51d8c99815768deb4d,دم ترامپ گرم اگر ازین قفلا نزده بود تا الان بایدن و خامنه‌ای چندتا بچه‌ هم داشتن,1,1
fas_579ff5d839486544c93b00d2f3dd0c90,آزادی بیان، پوشش دلخواه، احترام متقابل ب هر دینی، نبود فقر، آزادی...,1,1
fas_57aac9abab3af26664793bd930759a67,آقا رضا پولدارها میوه سمی نمیخورن  چون میوه های سمی توسط بسیج تو مناطق محروم به رایگان توزیع میشه  نه سمت ولنجک و نیاوران و تجریش,1,1
fas_58ae8714ccbd5f0c1f06874ec95b2f22,خوش به حال رهبر بی عرضه ی دنیای آزاد. تا چشم مخالف های ترامپ در بیاد,1,1
fas_58c9e9fb5e6ab5343c0cc83526fdc3f1,ناصر محمدخانی را اعدام کنید ✊🏼,1,1
fas_59337db45136a9a7d5685f319d9a10f3,اینترنت طبقاتی یعنی چی؟ یعنی اینکه یه قشری از جامعه مثل دانشجوها، برنامه‌نویس‌ها و... میتونن به اینترنت آزاد دسترسی داشته باشن بقیه افراد باید از اینترنت ملی استفاده کنن، یعنی ایجاد رانت افزایش قیمت اینترنت و... حالا کیا با این موضوع مشکل دارن؟ برنامه‌نویسا، کیا سکوت کردن مردم عادی!!!!!ملت عجیبی هستیم,1,1
fas_5a2ff001e5e5e464c4696d610a61e570,بی شک همینطوره و این انقلاب مصادره شدنی نیست خوبیش به همینه,1,1
fas_5a6cbf2181dc849df8a5dad703bc0c56,تمام تاسیان داشت نشون میداد ملت ۵۷ چقدر ناآگاه و البته نمک نشناس بودن و چپ هرگز نفهمید,1,1
fas_5a76afcffb463ac9bca78b1325957a87,🔴طناب دار جمهوری اسلامی مثل همیشه خونین است؛ #علی_دهانی شهروند ۲۲ ساله بلوچ و #ابراهیم_معماری، ۳۶ ساله و اهل آبادان از طریق اعدام به قتل رسیدند.همچنین، به گزارش هرانا، امروز ۷ نفر نیز جهت اجرای حکم اعدام در زندان #قزلحصار به سلول انفرادی منتقل شده‌اند.👇🏼#اعدام_قتل_عمد_دولتی,1,1
fas_5aff093f4ca80ed51297a61d7f762571,به ترامپ میگفتن با خرابکاری روسیه انتخاب شده! بایدن رو فک کنم خود پوتین انتصاب کرده!,1,1
fas_5b1ce9c6b4988cc9ee660da90c5fa111,ببین وقتی میگی نخوندن خودت بخون بند به بند ق.ا مشروطه رو برات فرستادم اما شما امت گرایی ها عقل رو فرستادید مرخصی الی ابد,1,1
fas_5b44114d3eb05cbc09fd7de33aa3f263,تا آخر عمرم با این قانون خدمت اجباری مخالفت خواهم کرد,1,1
fas_5b963a9858e726957224ecf91c33cf38,شرایط استخدام تو گشت ارشاد فک کنم اینجوریه که هرکی درصد حرومزادگیش بیشتر باشه، درجه بالاتری داره.,1,1
fas_5c1b9a3991860ca8bb61faeb41c37666,مردمِ ایران حداقل به این اعتصاب سراسری بپیوندید. باور کنید با اعتصاب نمی میرید. وقتی کردستان در اعتصاب باشد و بازارهای شما باز و پر از همهمه خریداران و فروشندگان این ابداً معنای خوبی ندارد. این یعنی فقدان آن بدن ارگانیکی که باید باشد. با کردستان رابطه ای ارگانیک برقرار کنید,1,1
fas_5c5d8835adf47eeaa3f6f133c70426d9,نیرو هوایی ارتش ایران اعلام کرد؛ آماده دفاع در مقابل هرگونه حمله خارجی و حمله همه جانبه به آن ها هستیم. وزارت دفاع آمریکا از ترور ده مقام ارشد حوثی ها خبر داد.,1,1
fas_5d25f0094917ad1a2bed00fa743cba7f,ته حمله‌ی سابیری به آلبانی پای شرکت‌های مثل ابر آروان گیر بدون شک همکاران و شرکا رانت زی قوم تباهی.,1,1
fas_5dd4e6ea7c8005f6357316dcd6930a9a,اون موقعی نسوخت که با حرومزادگی تموم توی چشم ملت نگاه میکردن میگفتن گشت ارشاد نداریم که گشت ارشاد جمع شده,1,1
fas_5de17ce23ce059095fe8379eaedd5f16,وقتی در اون سطح به رانت هم راضی نیستن و رشوه هم میگیرن یعنی اوضاع خوب نیست,1,1
fas_5efc5a9c4bd1be48f79e3912bc052ce9,من و خیلی از دوستان که مخالف شیوه فعلی گشت ارشاد هستیم ، بوخودا این شکلی نیستیم,1,1
fas_5fb64afa124f625f75737581e472611a,به اميد ان روز هستيم كه تك تك اعدام شون,1,1
fas_5fc0a04ef98f58f4c2a0c5da3e682684,حکومت محلی برلین جنبش bds رو ضد قانون اساسی اعلام کرده چون «خواستار نابودی اسرائیله»,1,1
fas_6053926f32dca36ba6b138e985b8fa04,صدای زندانیان با حکم اعدام باشیم #سهند_نورمحمدزاده,1,1
fas_60e30a0eff34a4f563a5bca79680d54e,ولی زودتر باید ترامپ و پمپئو ژنرال سنتکام رو بزنیم,1,1
fas_6108b091bde097017b82ea6467c1033d,وقتی مدیریت دارایی‌های بین‌المللی به جای تدبیر، به شانس واگذار می‌شه، نتیجه‌اش می‌شه مصادره املاک در لندن و روتردام. شاید وقتش رسیده یه نفر پیدا بشه که بدونه 'کرسنت' اسم پرونده‌ است، نه اسم نوعی کروسان!,1,1
fas_6147fbe32ce40d08d43800b325e87408,من رفتم دیدم که . نبود هشتک اعدام کنید,1,1
fas_619e5215173ab5bfd67c499927829d42,هنوز میگوید آزادی بیان وجود ندارد ایا در زمان جمهوری (جهالت) کسی میتوانست اینگونه برخلاف جمهوریت دیدگاه داشته باشد,1,1
fas_62580d802c324a5b8c15b71b8e6cf723,پیشنهاد میدم با گونی خوابیدن رو تمرین کنی مزدور بی جیره و مواجب,1,1
fas_62734a90b81fa35c9a12cac0fa58bcf7,هر وقت سران رانت خوار محاکمه شوند باید گفت تا حدی عدالت انجام شده !,1,1
fas_62a42a5a399fe3e476511ee2cf0db98d,شعار هایی که لرزه بر اندام فاشیست ها در انداخت بعد از بازی و اینبار در مردم صدای خودشان را به جهان رساندند بالروح بالدم نفديك يا احواز و الأحواز يالعربي جيبلنا كأس الذهبي بیزه قوشولون,1,1
fas_6377b66fe8dc59e370c2c8a94cfd4650,مسخره تر از برجام درتاریخ دنیا نیست حال آدم بهم میخورد ازاسمش,1,1
fas_639e9f4ef1a5f3887cf3c82021309cc4,حق آزادی بیان برای شما هم محفوظ است. ولی خب انتظار نتیجه نداشته باش. آخوندی‌شم نگاه کنی الناس علی دین ملوکهم,1,1
fas_6470b135f926489a058b33431996609b,اینکه رهبر شیعیان تاجیکستان ترور شده اون هم بعد از افتتاح خط تولید پهپاد ایرانی کمی عجیب نیست!؟,1,1
fas_6504d1510578a0b369b75338e2bd968b,جای ترامپ خالی بزنه همرو کتلت کنه راحت شیم به خدا #مهسا_امینی,1,1
fas_656967597c60a7da9ecec6bb57b81c8d,ایران ۲۵۰۰ سال سامانه پادشاهی بوده به همون هم در شکل مشروطه پارلمانی باز خواهد گشت.,1,1
fas_659a114d672ca11ef91af096aa3a3d16,شخص مردمی و معتمد باید باشه بهش برسونیم  ترس از هیچی نیست فقط میگم نکنه که مصادره بشه دست بیناموسا بیوفته,1,1
fas_67d30bce51d337acdbbbac551ceaf4aa,این دینانی از اون کسکشای روزگاره ، رانت فراوانی هم خورده و وسط باز قابلیه,1,1
fas_68b1bee543876d0b8cc38a2753f0db7b,سردار رانت خواری و پارتی بازی و زدوبند. رئیس بی خاصیت ترین مجلس تاریخ ایران.,1,1
fas_6a0450d6557954b3042a17ea5e77edd0,شایدم شبیه یه گرگه که رو خلیج فارس وایستاده داره سمت غرب زوزه میکشه 🐺,1,1
fas_6a3de9d09e01b8139231b8bf5531b5a3,طوری محسوس در حال تکثیر است میان نوجوانان انقلابی و جوانان دانشجو البتّه خداداد به دلیل انتصابش به آقای سعید جلیلی به‌ویژه پیرو انتخابات ۱۴۰۳، سعی می‌کند کمی محافظه‌کارتر از اشتری کنش‌گری کند گرچه جنس و روح گفتمان و حتّی لحن‌های تمسخرگونه‌شان تقریباً یکسانند مواضع موهن و احمقانه‌ای نظیر «سرزنش ستاد کلّ,1,1
fas_6a5362da3c68fd794510344f408bac67,جمهوری اسلامی قصد کشتن پخشان عزیزی رو کرده.  نه به اعدام,1,1
fas_6a5794f35413da9fcfc3d86761aff287,ترامپ شیردل 😃: بایدن آمریکا را به نسخه بزرگ ونزوئلا تبدیل کرده است.,1,1
fas_6aee959d7ecc08c599e7ce715385e5e1,باتومهای شما بیشتر به درد محاربه می خورد تا دست خالی مردم.,1,1
fas_6b3085b83634eb2bd415d057f91568c5,برجام طناب پوسیده ای بود که اصلاح طلبان را به قعر چاه فرستا,1,1
fas_6b8d1343831bdf22dab39ae9443958d8,چون هرکی با ما مخالفت کنه خواسته یا ناخواسته یا چپه یا طرفدار ج.ا به خودت بیا رفیق  واقع بین باش  با حقیقت کنار بیا این مملکت نه جمهوری دموکراتیک به دردش می‌خوره نه رهبری  فقط و فقط پادشاهی مشروطه می‌تونه این مملکتو جمع کنه شما پهلوی ستیزا لیاقت زندگی راحتو ندارین مث کمونیستا عقلتون تو کونتونه,1,1
fas_6c2744588b2b7d4bd5b9f6fae80c2a15,بابا دیشب شهرداری ساری هم رفتم، بعل دادگاه انقلاب و مقر گشت ارشاد و بسیج بود. ولی دیدی که خیلی ها اومدیم.,1,1
fas_6c63b1bd1042c5f0f578e8a8b1168df7,اعلام جنگ اقتصادی دونالد ترامپ و پایان اسطورۀ اقتصاد بازار آزاد,1,1
fas_6c6cfe51bcf47fd66e9cd451431c90e3,چی چی خوبه؟همش مصادره به مطلوب و فرصت طلبی و دیکتاتوری :))),1,1
fas_6cec5e26bbe6c22525f2a17c4ba8ce3d,میترسم مسئولین اینو بگن : ناراحتی از ایران برو، برو جایی که به دانشجو ها بها میدن !😂,1,1
fas_6cff8d3b454a9b3d184f118e51fc331a,کاش گلاب آدینه توجیه کردن رو تموم کنه و وقایع رو مصادره به مطلوب نکنه  .  اجراتون رو برید دیگه  چرا مانیفست میدید؟   #مهسا_امینی,1,1
fas_6d2648c50a5acd8e2fbcca30d169d4ab,این چه برداشت ساده لوحانه ایه چه نفعی به سفره خارجی ها داره فقط جیب نورچشمی ها پر شده مثل همه رانت های موجود,1,1
fas_6d4fc1b7d2f2b3b1aff9fb31a629e51d,حاج آقا اکیپی بریم بگیرنمون حکم محاربه میدن و میکشن بالا 🥺,1,1
fas_6d5ac1b9c02b847548387b3a2b7e48dd,خبرهاي نشر شده که مذاکرات برجام متوقف شده اند واقعیت دارند؟,1,1
fas_6dd686b379352ce17e76fce60d4d579b,فقط اونجا که بخاطر دزدی و رانت و فساد آبروشون میره بعد میگن ما از آبرومون برای اسلام و انقلاب گذشتیم,1,1
fas_6ea512d7bc73973b8bdecfe962e73844,حتی اگه انقلاب هم نشه دیگه گشت ارشاد تخم اینکه بخواد دخترامونو رو بگیره نداره:))))),1,1
fas_6ec678f1465999db664d3c679d1c83d7,در حال نفوذ نیست کاملا نفوذ کرده معلم بدون رانت و پزشک بدون سهمیه نداریم اصلا,1,1
fas_6ee3f2df971b45fe92f476ee0d031f78,دنیا در هیچ دوره ای به اندازه دوره پسا کرونا به ترامپ نیاز نداشت....,1,1
fas_6fdcc1990df5bc8e96783c38eb497981,خواهش میکنم ازتون میکنم ازتون دانشجو های دانشگاه شریف گیر افتادن توی پارکینگ,1,1
fas_6feff03084f2392123ac53fd7c6b4f75,خیر مسئله تورقوز اباد و دو محل دیگه اصلا در زمان برجام مطرح نشد . بعد برجام اژانس اورانیوم پیدا کرد,1,1
fas_7001b7b59abc2702e35d1d3135d77881,‌‌چپ‌ها خیلی هزینه میدن و مبارزه میکنن، منتها چیزی که من از تاریخ معاصر یاد گرفتم، اینه که در لحظه نهایی، چپ‌ها نه کنار من و همفکرانم، که قطعا در کنار جمهوری اسلامی خواهند ایستاد. از مشروطه به اینسو چپ و بازار و مذهب در یک جبهه بوده‌اند. مثلث...,1,1
fas_70499b9e1b9fcae876e64a2cf89ab3ea,بله، انقلاب ۵۷  و “همگانی بودن” اش را رافضی‌ های فرصت‌طلب از پدران ما دزدیدند اما نسل ما آن را پس گرفت و تبدیل اش کرد به جنبش سبز و «مرگ بر اصل ولایت فقیه» و «استقلال، آزادی، جمهوری ایرانی» که همچنان هم یک خواست عمومی است.,1,1
fas_7062806d69a6f8460046307dbc0999e5,چون‌ جنس حمایت غلط بود این نوع حمایت فقط و فقط رانت و انحصار لیجاد کرد...,1,1
fas_70fff966d77836b3d6161e43103aa9ef,بحث خط دادن و همدلی داشتن با یک شعار، به مصادره ربطی نداره.,1,1
fas_711b7e581a52c79f964651c5625dc715,وزارت اطلاعات اگه عرضه داشت گروهک تروریستی نمیومد تو زاهدان کلانتری بگیره گرفتن دوتا دانشجو بی ازار که بیانیه نمیخواد,1,1
fas_7133469c12249ced88fcef44fd20c3da,فکر میکنند دادسرای کارکنان دولت آیین دادرسیش جداست اعلام وکالت رو گفت باید قاضی دستور بده,1,1
fas_719c0ab69076dc173a12804225ee29e0,من نمیدونستم ترامپ هم اینجا بمال داره!,1,1
fas_71a8c4975b65f7b22d1ed0db7c7d5860,البته دانشجوی بسیجی با رانت حکومتی برای تبلیغ پروپاگاندای رژیم وارد دانشگاه میشوند و هیچگونه پشتوانه علمی ندارند,1,1
fas_7252fa0c2651daf7506667e6bb699a55,حتی اصلا بهش نمیاد دانشجو باشه احتمالا از پرستوهای هرزه آخوندی باش.,1,1
fas_72f5389f4f1e18e36096ac390a0c1e7e,ایلان ماسک یک فرد راست افراطی است با گرایش‌های ضددموکراسی. بارها گفته هدفش از خرید توییتر اینه که اکانت ترامپ رو دوباره فعال کنه.,1,1
fas_7307272af3bc8c401e66be69e80c7096,یعنی مثلا فیلتر شکن برای مردم اروپا و آمریکا می ساخته تا با فیلترینگ این دولت ها مقابله‌ کند ؟!,1,1
fas_73eb50e0fbfb1bf9ebb836c8d3b4e290,اتهام محاربه بابت آتش زدن یک سطل آشغال؟  بعد اتهام آن کسی که در نازی‌آباد گلوله به سمت معترض کتک خورده، شلیک کرد چه هست؟,1,1
fas_7486fb3ccf9bceadbaaadfc2d1534926,تمام این دروغ ها زمان پرزیدنت ترامپ، اثبات شد,1,1
fas_74a390196fda9bb2936d603db8ac2da9,یزدی ها هر چی باشن به اسم خودشون مصادره میکنن با تغییراتی :)),1,1
fas_74e16a6c1b108497baea8ecd9afcfe3b,برای ترامپ یک واترگیت تازه می بافند و این خود یکی از اِلمانهای استارت نظم نوین جهانی پس از ویروس چینی است.,1,1
fas_74f99979b64b501f21cb9c204596dd02,خونه علی کریمی رو مصادره کردن؟ با خونه ای که تو قلب تک تک ما درست کرده چه میکنن؟؟,1,1
fas_755ff1b8daff648d4644523155cc49a1,انحلال نیروی انتظامی یه چیزی مثل انحلال شهربانی زمان شاه بوده. گشت ارشاد باید منحل شه نه نیروی انتظامی,1,1
fas_75a1c2adc65af5f3c893428d098d11c4,دانشجو هارو زدن، دانش آموزا بلند شدن...پایانتون نزدیکه یا بدست دانشجو یا دانش آموزا🖤,1,1
fas_75ab1351df3537bd14f345e42cebf19b,وقتی قانون طرف ما نیست، ملامت جمعی تنها ابزاریه که داریم.,1,1
fas_765c05b3df325340ce845372a9b962fc,درمیدان روبه‌روی جنگ با او مواجه نشدند، دولت آمریکا دزدانه و بزدلانه او را ترور کرد؛ این کار مایه‌ی روسیاهی آمریکا شد!   #خادم_الرضا #Hero,1,1
fas_766ab64ebbd86a8386680bcaf7f052e7,کمتر رهبری را در عرصه ی جهانی می‌توان یافت که در سبک زندگی فردی خود مانند رهبر انقلاب باشد ..‌‌‌,1,1
fas_767dc2ba759dca8d65d1b17fb99336c4,امام خمینی اول انقلاب کرد بعد رفراندوم گذاشت. اگر عرضه دارید اول انقلاب کنید بعد رفراندوم بذارید,1,1
fas_76ac906120f773f480c5cde6418c24df,.برخی مورخان می‌گویند رفراندوم 12 فروردین به‌عنوان نماد مردمی بودن انقلاب اسلامی برای همیشه در تاریخ ثبت شده و هیچ رقیبی ندارد.,1,1
fas_76bd62f81e85ede9605b6f8c7221b47b,فقط آن طیف سوء سابقه‌دار تندرو رادیکال دولت چهاردهم حامی #جواد_ظریف بودند؛حتّی #محمد_مرندی مشاور غیر رسمی امور خارجه معتمد نظام و رفیق قدیمی و مشاور رسانه‌ای دوران برجام -که ظریف را به عضویّت هیأت علمی دانشکده‌ی مطالعات جهان درآورد- مخالف کنش‌گری و سیاست‌ورزی خارجی و دخالت‌ها و میدان‌داری ظریف در دیپلماسی,1,1
fas_76c7ebbc27b6bae10722cc8a7ab9359f,داغون رژیم زن زندگی آزادی هم مصادره کرده,1,1
fas_783ee02572434ce976ce7d8ea42117a8,قبلا ترامپ بود الان شد پوتین 😂,1,1
fas_786fb48eda90156cee644a28e7237a7a,شما که اینقدر به خودتون مطمئن هستین، چرا رفراندوم نمیذارین پس بب شرفای بی وطن,1,1
fas_787491592892a45222409e9950c1e83b,یادش بخیر ترامپ یه چی‌میدونست با هل فایر زد قاسمو پودر کرد,1,1
fas_78b6846306738c40743111d2729b4ba5,برای دوست عزیزم که دوستهانش رو جلوش اعدام کردید و خودش رو اعدام مصنوعی تا وقتی زنده‌اس کابوس ببینه و داروی روان بخوره.   #مهسا_امینی,1,1
fas_78bab3005fbf0576b17102e41bc6b170,یعنی قراره چیکار کنن؟ نمیشه صرفا به تحقیر ترامپ بسنده کنن بالاخره باید یه حرکتی بزنن,1,1
fas_793a429f8bd99786d93a0b037bf24fb2,آره خمینی هم میخواست برجام امضا نشه که گفت بکشیدش,1,1
fas_79a833429d14ab7ff758c65274cbdf40,به ازای هر اعدام یه بسیجی کشته خواهد شد,1,1
fas_79d3f8b75bac123e1e5fdfc3c2920bac,کار دیگه از بچه و برادر و داماد و عروس گذشته پسر عمه داماد کوچیکه محسن رایی هم از رانت بهره میبره,1,1
fas_79d968f99286dbe3ee906fe86f6541c5,در حمایت از حجاب خوندن نه حجاب اجباری چیزی که دوست دارن و معتقدن. دو قطبی نکنید این مردم را.,1,1
fas_7a5a9b9dff6212f33b5db00a6127e850,آخوند کشون مشهد ترور نبود  عملیات نظامی ویژه برای نازی زدایی حرم بود,1,1
fas_7ab57416ca60f861f9728638ad147b03,مبادا زیر کلمات مقدّس «وحدت ملّی و انسجام و چسبندگی اجتماعی»، رسالات کشف، معرّفی و حذف نفوذی‌ها و انهدام #شبکه_نفوذ فراموش شوند؛ طی دوران آتش‌بس هم جنگ ادامه دارد ولی توسّط پیاده‌نظام آمریکایی-صهیونی داخلی. طی دوازده‌روز جنگ تحمیلی صهیونی، بعضی منادیان همبستگی، مشغول ترور جبهه‌ی انقلاب بوده‌اند و خواهند بود.,1,1
fas_7b489b23b20f19ef085cddf775c16cc0,باید اعدام صحرایی کرد اینارو.,1,1
fas_7bce9acb38a40bbbe98d4db6cc44c2d1,کاش الان ترامپ رئیس جمهور بود,1,1
fas_7c586533f6db90097d6b2fd5d09dc6c6,جزو سیاسیون بودن یا مشروطه خواهان,1,1
fas_7d390f11dccb13577f3ea881440df45b,دادن برای شما یه امر عادیه برای شما نون داشت مقام داشت رانت داشت اما برای مردم چی داشت ؟ شما بگو؟  یکی شو؟,1,1
fas_7d9b8664693fb16878314fdd6d9331b9,با احترام مشروطه هیچ فرقی با ولایت فقیه نداره فقط اونی که اون بالا نشسته آخوند نیست,1,1
fas_7da56761940a16521f7ef58982148788,یه سوال الان ترامپ بود مثلا میخواست چیکار کنه؟,1,1
fas_7e1bacdc322d37fa6c60eb1c2bc14b35,برای اعدام نشدن زندانی ها   #مهسا_امینی,1,1
fas_7efc52a46bc670b2ea9d3d1133c9bd5d,دلم می‌خواد هرچی مرد هست که نظر میدن «جمهوری اسلامی دیگه کاری به حجاب زن‌ها نداره» رو خفه کنم!,1,1
fas_805964f6a58d9dbba35c07967e92a27c,اگه همون‌قدر که رو فیلترینگ حساسیت داشتین ،جلو زنا رو میگرفتین اینهمه بسیجی و سرکوبگر تو خیابون نبود.,1,1
fas_8087a831c75594c4ac91fe478bfe8410,آخه اسکول مشکل مگه فقط حجاب دخترهاست . تو خودت آمریکا چکار میکنی چرا نمیایی ایران تو که مشکل حجاب نداری,1,1
fas_8087bceb193f74f6a0e95c7466fcdcb7,ما رو باش فک میکردیم مجتمع خلیج فارس خیلی بزرگه تا دیروز ایران مال رو دیدیدم پدسگ هرچی میرفتیم تموم نمیشد,1,1
fas_80aae75492e3aa3366e680cf0d51e604,ضدّ ملّی جهت حقنه کردن نگاه‌های سیاست‌زده و حزبی اصلاح‌طلبان و بستری برای نمایش نسخه‌هایی جدیدتر و کثیف‌تر سریال‌های ضدّ ایرانی تاسیان و آبان تبدیل کنند.,1,1
fas_80ea6c2fc9a8f4f1642ddb39f57f13ae,آخوند نباید گم بشه  باید بمونه و اعدام بشه,1,1
fas_811fa1483477ccc1b4ced995c3a9dacf,به نظر در دوره ترامپ تمیزتر و با هزینه کمتری کار می‌کردند!,1,1
fas_81686c9bdf55e6e271871825ebc8d909,مهمه واقعا؟؟؟؟؟؟ این که کی اول بار گفته؟ والا مردم دارن پاره میشن اینقدر نگران مصادره نیستن,1,1
fas_81ba3eeb95fe3ae7a37b9b49651fa31d,شبکه های اجتماعی ترامپ را روی کار آورد و بعد هم منعزلش کرد . این که چیزی نیست 😊,1,1
fas_81c9a27655411152ba1051f8812c002d,این چرا انقدر داغونه!!!؟ مگه تو دستگاه پادشاه هم شکنجه و اعترافِ اجباری هست؟؟؟ مگه نمیگن تو غرب آزادی بیان هست؟؟؟؟,1,1
fas_82980ae579987d706ca2c92b7c0539ea,آیا ایران پیش از انقلاب ۵۷ استقلال نداشت و تحت سلطه آمریکا بود؟ آیا ایران ۴۶ سال پس از انقلاب استقلال دارد؟ گزارش بهمن سقایی با صدای هیلدا راد | بخشی از ویژه برنامه ایران-ترامپ؛ شرایط انقلابی,1,1
fas_833e010c5338d434c746af77900d828d,صرف تجاوز اسرائیل به ایران و ترور فرماندهان نظامی و دانشمندان هسته ای، و پاسخ بسیار ضعیف ایران به تجاوز آمریکا در فردو باعث ریزش ۳۰٪ در حامیان نظام جمهوری اسلامی میشه این واقعیتی بسیار جدی و خطرناک است این ریزش فقط با ساخت بمب_اتم بازسازی خواهد شد و اگر این اتفاق نیافته منجر به سقوط میشه,1,1
fas_83a0fb4860190703921dc6bba669a997,ایشون مدافع اعدام نکردن خمینی بود؟,1,1
fas_851d595e8a4728ed8807e3856baaf3e4,ترامپ همونه که برنامه های روسیه رو مو به مو اجرا کرد,1,1
fas_8533a6adecbc69d310f637227f347f3d,در مورد ترامپ خونده. البته میشه در وصف ضدانقلاب ها یا معاند ها هم باشه,1,1
fas_85a792b08501775ba72bdd9273f86ed4,يعنى اين مى خواسته كسى را ترور كنه؟ عجب! كم مونده بنده خدا در بزنه بگه خانم هستين؟ آمدم بكشمتون,1,1
fas_860935652c7788d014e480d972338816,وسط جنگ و صیانت و هالک بازیاتون اصلا حواستون به شبکه اجتماعی ترامپ Trust Social هست؟!    الحق که این روسها خیلی حیله‌گر و مارمولکن.,1,1
fas_8635c42093bbe77e171f7511dfe3c03e,مطمئنم دارن یه ماله‌ای میکشن و میگن اصلا روش از پا درآوردن آخوند همینه. اینا دلیلشون برای عاشق ترامپ بودن هیچ ربطی به آخوند و آزادی بیان و فلان نداشت و نداره.,1,1
fas_8646fdbabd8635ba0a05e88b0ae564fc,و دیگه نمیشد برای چندین دهه، برای ملت ایران روضهٔ عدم آزادی بیان روشنفکران و شاعران در زمان ساواک خواند!,1,1
fas_86754b511f28c85e7cbe64ba212db174,تحت حکومت دیکتاتوری البته که سانسور و خودسانسوری نهادینه شده!,1,1
fas_8679cf4c77e2cf471f20d9821bea20a7,طبق نظر بزگان اختلاس و رانت و پولشویی حرام نیست ؟؟؟؟؟بخندم یا گریه کنم به این حماقت،انگار دارن با بچه ۵ساله حرف میزنن,1,1
fas_86f3e881782075b82085239de13906b0,خیلی دوستان مشروطه خواه هم هستند. لابد سرشان شلوغه چک نمیکنند تو تایم لاین شون چه خبره.,1,1
fas_875a491aba8c6de9f5bda88c4427c62e,واقعا شانس آوردیم که که دوره ترامپ یک رئیس جمهور با ابهت به نام حسن روحانی داشتیم,1,1
fas_883883676feabe2ce7a8546e58fc88c0,قربون دهنت.  مجاهد کورکور رو اعدام کردن، یک زن رو به خاطر قاچاق مواد مخدر اعدام کردن در حالیکه واضح بود بی‌گناه. کلا تو سال ٢٠٢۴ مثل برگ درخت آدما رو انداختن، ندیدم اینجا کسی چیزی بگه. الان یادشون افتاده ایرانی هم وجود داره.,1,1
fas_88a2e5ecd2b860e557311ee4d01491ac,یارو فک و فامیلش لابد از این گشت ارشادی فاطی کاماندو‌. از ترس تو گونی رفتن,1,1
fas_89bc0c8dd25510be67e5af3c2055ca9e,به عنوان یک ایرانی از اعدام قاتل هموطنانم حمایت میکنم,1,1
fas_8a1676236ed056b5f6e2cb664ee7832b,ترامپ برا ۲۰۲۴ میاد. ما هم تا اون موقع جاده رو آسفالت میکنیم بقیش دست عمو ترامپه.,1,1
fas_8b9f074f1fa1522d72532fda767d023b,اون برج ساز و رانت خوهر توی شورای عالی امنیت ملی صحنه گردان است,1,1
fas_8d2349177e1f2617804960637fe3ea37,اگر مدعی آزادی بیان هستید به منتقد تریبون دهید,1,1
fas_8d6129983e51ff43d6397d785e8d7fd4,خامنه ای اعدام باید گردد.  #مهسا__امینی,1,1
fas_8dc254fac38f59e8ef9435b0d200c03e,تو هم از این تورم ها و رانت ها  شکم گنده و زباندار شدی,1,1
fas_8e0cbff41b2b24d76192d7f12e461a15,بی‌غیرتی نسبت به ایران و خلیج فارس، امری شخصی نیست/حمایت از «جزایر سه‌گانه» هم‌زمان با «بوسه‌زنی بر ابی» دغل‌کاری است حتّی اگر ویدئوی آقای رضا رشیدپور و دخترش و نیز تصاویر خانم هلن رشیدپور با ابراهیم حامدی ( ابی) مهشید (حامدی) برومند -که در اینستاگرام عمومی خانم هلن، به‌ترتیب قریب پنج و حدوداً نیم…,1,1
fas_8e24318e3304d6a4d699e5352ddd7f3e,تو که عددی نیستی به رهبر مفعولت بگو از رهبر متجاوزش اجازه بگیره بعد اگر جرات داره یه رفراندوم بگذاره,1,1
fas_8e85993cf62c476583445e16df374ed3,اشتباه کردن، باید میگفتن ۱۴۰۴ باید بین بذرپاش و رییسی باید به بذرپاش رای بدیم تا میراث مشروطه رو حفظ کنیم.,1,1
fas_8eb607793e16750c88b9f25ba36d566a,اگه بفهمی چه جوری سلاح و مهمات به غزه ای که دور تا دور محاصره هست می فرستیم  مسلمانی ز سر گیری🤣,1,1
fas_8efe82d5afe7511fec5331628ccdd18a,برو آمریکا ببین چوب تو آستینت میکنند یا نه بعدش دوگانه نباش با حجاب بی حجاب همه ناموس کشورتند,1,1
fas_8f09021a0a6f963a16c1b583a5dd8eb9,من موندم مگه قانون حجاب تصویب شد که اصفهان چند ماهه جریمه نقدی گذاشته برای بی حجابی مگه میشه انقد بی در و پیکر باشه هر شهری برای خودش قانون داشته باشه؟,1,1
fas_8f1d2507e2a15a9db412a91852325b87,اخرین باری که یه فرمانده سپاه تهدید کرد توسط ترامپ تبدیل به کتلت شد,1,1
fas_8f33420c7d128c8bf4eab15027b9df18,بد نی دیگه یه مشت رانت خوار فاسدن. مگر این مملکت. کم جوان بااستعداد داره یه مشت لمپن کار بدن,1,1
fas_8fdd3808533eec335c35e504ef8f737c,گلوبالها و مردم اوباش ضد جنگی که تظاهرات ضد جنگ زمان ترامپ برگزار میکردند کدوم گوری هستند؟ #اوکراین_روسیه,1,1
fas_8fe3db209728d97713e0919eabf0104d,اینجور باشه اموال علم الهدی وبستگانش هم باید مصادره بشه بخاطر شروع اعتراضات۹۶.یافقط مصادره اموال مردم خوشه. #مهسا_امینی,1,1
fas_90db5db36118ef5672d24b3ca3ef59ef,به جرم اقدام علیه امنیت نظام میکننش تو گونی سرشم میکنن زیر اب دیگه,1,1
fas_925796b7efe734f783ee150bae62d366,نه بزرگ اند نه شجاع و نه کسی ترسیده تو نمیتونی واقعیت را ببینی فعلا ک هر روز چند نفرشون را سگ کش میکنند تو گونی,1,1
fas_92ba0374cbed42602ff7f7838294937c,تو مصرف کن به کشتار و ترور انتحار و انفجار عادت کردی,1,1
fas_92ded4048adbd516eadf0f5c0b9a7f5a,اونا از اولشم چاقال رژیم بودن دوسال پیش هم یه مدت فیلترینگ گذاشتن رو پهنای باند سرورای خارجشون!,1,1
fas_93001de35dc6929b85cf28e64c2fa133,خب پس بسلامتی، یارانه آشکار ریالی جایگزین  دلاری شد. دم شون گرم. دیگه کلاً رانت توی مملکت برای همیشه ریشه کن شد.😍,1,1
fas_941c243373554211f99bdb9d8cf66d2b,صدور حکم اعدام برای یک دانشجو با استنادات مبهم امنیتی، در غیاب دادرسی منصفانه و تحت فشار نهادهای امنیتی، نقض آشکار حقوق بشر و اصول دادرسی عادلانه مطابق با میثاق‌های بین‌المللی حقوق مدنی و سیاسی است که ایران یکی از امضاکنندگان آن است.,1,1
fas_94810a93620aca4d6d8aa47272021696,ترامپ هم گهی نبود کسکش هر روز التماس چلاق میکرد که بیا مذاکره کنیم شماره تلفن رو دادم به سفارت سوییس,1,1
fas_953237583cfd6bf82359180b0fddc977,ایده میهن‌پرستی مشروطه هابرماس می‌دراند. اروپا دولت‌-ملت رو به بقیه دنیا تحمیل کرد اما آیا می‌تونه میهن‌پرستی مشروطه رو به دنیا صادر کنه؟ البته که هنوز میهن‌پرستی مشروطه‌ای که میشه در اتحادیه اروپا دید به تکامل نرسیده، چه برسه به صادر کردنش.,1,1
fas_959bcd57504b13164c7a0bdb84c8c190,خیلی ناراحتی ابتکار عمل از دستتون در رفته   موقعی که گیر انداختیمشون و تو صحنه جرم اعدام شدن   از خوک نجس تری هشتک نه به اعدام بزنی,1,1
fas_95b854cddec62b097e752ee1fc363e0a,کشتی تروریست‌های اماراتی توسط قهرمانان یمنی مصادره شد,1,1
fas_9717889c9dd3d2c6726016e23e6aa415,"پس این همه شعار  ""لال شود زبانی که بعد از سردار حرف از ترور بزند""  کجا رفت؟",1,1
fas_9754752a7c7e4c044a4274cf39899e5a,ترامپ بود کارشون تموم بود خیلی بد شانسی اوردیم خیلی😩,1,1
fas_97614af0d8f6d06b9061c2255aced881,با گشت ارشاد موافق نیستم اما کار اینا خشونت علیه زنان با گستاخی تمامه!,1,1
fas_97825f222c7b8b639b47428897045a45,اگر ترور از عوامل داخلی باشد  از دشمنی اسرائیل خطرناک تر است,1,1
fas_985bd9748dd615a855af629754ca88b4,لطفاً هشتگ رفراندوم رو‌هم ترند کنیم بچه ها,1,1
fas_988d07bcbd27b2ff4fe19fdfc34139f6,غلط کردن. اگر من مامور گشت ارشاد ببینم که دختری را گرفته، میرم پدرشو درمیارم,1,1
fas_98dd920da8e9ae391c2f421ecd1f4736,اینترنت ملی شد دوباره؟,1,1
fas_98e8fc1029e98e9e0b6691fecb8edb18,نسل کشی ارامنه سانسور شده دولت اجازه نمیده فیلم بسازند,1,1
fas_993418eda2691f6bb02d0b60c524b38b,من در حد مشروطه سلطنتی می‌فهمم. در حدی که صرفا کاخ و اینا باشن و بچرخن اونورا. ولی برگشتن به صد سال قبلو نه.,1,1
fas_99615601d189f0387db8e5a22d2f58c1,نمیدونم تاسیان رو دیدین یا نه، درسته قرار بود یه درام عاشقانه باشه، ولی تو بطن فیلم که میری نشون میده که کیا و چطوری این مملکت و گا عظما دادن که جمشید نجاتهایی که برای ایرانمون زحمت کشیدن بی گناه فنا شدن و چه دکتر رجب زاده های حرومزاده ای باعث به فنا رفتن جوونای شکم سیرو بی عقل شدن، حیف واقعا حیف ..,1,1
fas_9a14586468131e6370c0d18999e20ecc,نباید دست از اعتراضات کشید وگرنه همه رو اعدام میکنند,1,1
fas_9a62820cfda121c8f3d9e1df766753de,ارشدش مال خیلی وقت پیشه.... احتمالاً الان باید دکترا داشته باشه با رانت اصلاحطلبی روزنامه شرق.,1,1
fas_9ab45baa294f3aac5b11da9d8c547422,هرچی اسهالطلبه برا ما ادم شدن تخم سگا‌. پس بگو مصی بیشرف این پولهایی رو که سر مصادره کردناش گیرش میاد کجاها خرج میکنه,1,1
fas_9be7213563c974b5c385be10b65267f8,🔴وضعیت جسمانی مطلب_احمدیان که تحت شکنجه جلادان جمهوری اسلامی در زندان اوین قرار دارد، شدیدا وخیم گزارش شده است  مطلب به دنبال شکنجه‌های جمهوری اسلامی مبتلا به بیماری‌های متعددی از جمله زخم اثنی‌عشری، عفونت بیضه، دیسک کمر و مشکلات گوارشی، پارگی دیافراگم شده است و در شرایط جسمانی خطرناکی به سر میبرد. ۱/,1,1
fas_9c4697f3743fcaacaacb6cc51426e82b,رهبر مفسد اعدام باید گردد  #مهسا_امینی,1,1
fas_9cc03b973c9b7d8bab2eef6a218481d1,دقیقا عقب نشینی‌های جمهوری اسلامی همیشه خیلی محدوده مثلا بعد از ۴ دهه مبارزه با حجاب اجباری، جاهایی مثل مدرسه و دانشگاه و ساختمون‌های دولتی که نمی‌شه بدون حجاب رفت بنابراین خیلی از زن‌ها هنوز مجبورن حجاب داشته باشن تازه داره می‌شه شبیه اول انقلاب,1,1
fas_9d43da5a8a0bed35dbb20902acefeb85,امضای برجام یعنی ۲۰سال اضافه شدن به عمر حکومت این عوضیها,1,1
fas_9de33138e4185dfbd5617e3c2bf8bcf7,اگر نمی‌توانید بی حجابی زنی را تحمل کنید، به جای دیگر نگاه کنید. مثل همان کاری که در مورد فقر و فساد و رانت و .... انجام میدهید,1,1
fas_9eeee400daf3e797a1d8c71732b96e1f,دوستان من به آزادی بیان اعتقاد دارم پس اگه عرزشی هستین راحت بیاین تو منشن ها اعلام کنین یه کاریتون داشتم 😊🌹,1,1
fas_9ef13a67c135b84233ec3c38c4f47c6c,نایاک:شعبه ی پولشویی و رانت سپاه پاسداران و اطلاعات ج.ا در امریکا !,1,1
fas_9fc544cc1c947d3b81ab8418dfb00ee1,به نظر من که مشروطه یعنی به بازی گرفتن و تمسخر سلطنت. یا شاه داریم یا نداریم.,1,1
fas_9fe71886d24f776a98ef75f617430ca3,باید رسانه ای بشه شما کوتاه نیاید و دنبال شفافیت کامل باشید ما دانشجو ها پشتتیم,1,1
fas_a0f9bd5335f84613ee54687082f24f89,جمهوری اسلامی سر حجاب کوتاه آمده است؟ جمهوری اسلامی طرفداران اجرای قانون عفاف را جمع کرد و مثل سگ در بیابان ول کرد.  در برنامه امشب ۳۰ دقیقه بلسک,1,1
fas_a143d3044a1bb1491d81925c548d2b80,بلایی که داره به سر روزنامه‌نگاری میاد در «مهد آزادی بیان»! پست امروز جف بزوس مالک آمازون و واشنگتن پست (در توییتر),1,1
fas_a148cd934ebf23338c540f91703769cf,امروز اگر داد نزنی، خالقیِ فردا توئی زنده باد دانشجو و دانشگاه. خالقی اسمِ عامِ همه دانشجویان و همه مردم و شهروندان است.,1,1
fas_a19517905b7a66a1f1079dc9d450c261,یعنی الان ترامپ بر میگرده تویتر؟,1,1
fas_a1ec14f0d3de3c2e75a5c89a0e4fdc6c,😄😄😄 این میشه رفراندوم؟ پس دیگه با اون راهپیمایی سیزده آبان هم رفراندوم انجام شد و تامام,1,1
fas_a22af12b8e8b6249587e079b661e341a,چپ گرا ، وطن پرستان و ملی گرایان را فاشیست و نژادپرست می‌خواند  چپ گرا به وقت جنگ ، ناگهان ملی گرا می‌شود و در حالی که هیچ کاری از عهده اش ساخته نیست شعار دفاع از کیان میهن می‌دهد! از نظر چپ گرا زندگی زیر سلطه ی ارتجاع بهتر از زندگی زیر سایه ی پادشاهی مشروطه است! او پادشاهیخواهان را برده می‌خواند!,1,1
fas_a273edf85cb4ec147e7c6845d845a622,قانون اساسی مشروطه رو خوندی ؟ جایگاه دین و جایگاه شاه رو میدونی چیه توی قانون مشروطه ؟,1,1
fas_a294c72841d54490b25aa63c8aedad5d,ادامه جنگ جمهوری اسلامی با سبک زندگی مردم؛ این بار تشدید ممنوعیت سگ‌گردانی,1,1
fas_a2bb2d867356861403c701b7a7f70ab5,نوشته حمله نمادین به زندان اوین! قتل نمادین سرباز وظیفه، وحشت نمادین زندانی‌ها و خانواده‌ها!,1,1
fas_a2d1c911448331705d24fcd520822089,بله منافع ترامپ قابل تامین بود اما گلوبالیست بدنبال انتقام تاریخ هستند و نه منافع,1,1
fas_a3ca7b117628a3b6be246072fb074717,میگم ، بانو سپهری یک متن درباره بازگشت به مشروطه نوشته و کلیپ ویدیو کرده ، نمیخوای ازشون دعوت کنی ؟,1,1
fas_a5176a0dd5d4217248bd84590993ee12,هنوز کسی درخواست مصادره تخمای علی آقا کریمی رو نداده؟,1,1
fas_a593dbb8e79ff38ceecd45e696dcb8d4,یعنی ممکنه اعدام بشن خدای نکرده😐,1,1
fas_a60e7f260c241bb3777af129d702caed,پدرسگ تو هنوز داری به مردم پیامک حجاب میدی,1,1
fas_a61c0ffaa7aa0439375a3442fec6c0ca,از همین توییت و براساس سه جمله اخر حداقل میشه گفت موافق برجام نیستید,1,1
fas_a68107355c1fcfce6431f3a0f2338c1e,شما سخنان آقای خامنه ای بعد از برجام رو هم گوش بده ایشون میگه من میدونستم اشتباهه اما چون نظرات بر این بود من گذاشتم انجام بشه,1,1
fas_a72bf5773a4edc32e4ce61fb143a7525,نصف دوستام کرونا گرفتن نصف دیگرم گشت ارشاد گرفته😖,1,1
fas_a78f5d19723d3e402546f1aae28d3ddd,دست ترامپ را بخاطر این حرکتش میبوسم. شما حق استفاده از برنامه ای که فیلترکردید را ندارید    از توییتر گمشید,1,1
fas_a7bc3a2fc8ea82d301e087e3890adfa5,هیچ وقت حس خوبی نسبت به برجام نداشتم و بخصوص از زمانی که رهبری گفتن که برجام رو آتش بزنید...,1,1
fas_a82ae4d1bb26aaf70778fd5ba6014275,موضوع و مشکل الان اصلا حجاب نیست کلا باید جمع کنید برید,1,1
fas_a87647d1e97a65ded83e56cc0cd6dc63,پانترکیست سعی در مصادره حدیث_نجفی را دارد. اینها زودتر از سلطنت طلبان شروع کردند به مصادره افراد کشته شده.,1,1
fas_a9ada1ff9d20c505007050acac0546ba,باتوم و کتک مفصل تو ون گشت ارشاد و اینا رو توییت کردن بزرگوار,1,1
fas_aa960851aaa21af790a4e2b45c8f17fc,بعد از ترور در شاهچراغ، ایذه و اصفهان، هرکس شعار زن، زندگی، آزادی میدهد تروریست و باعث ناامنی در ایران است.    #فتنه ی_فاحشه_ها,1,1
fas_ab30826be43c3ea7a33dfe21d682708e,یعنی فکر میکنی ترامپ زنگ زده فرودگاه گفته حاج قاسم توی این پروازه؟,1,1
fas_ab43c434dfd53cc80883a146aabfe7f2,نه سرکار خانم، با این دو شاخصه کسی چپ محسوب نمیشه... چپ ایرانی، تاریخ و عملکردش مشخصه و طبیعتا طولانی‌تر از اینه که اینجا نوشت... کارنامه و عملکردشون هم چیزی نیست که بتونن انکارش کنند. از اجتماعیون، عامیون مجلس مشروطه تا همین امروز ماشاالله مشعشع!!!,1,1
fas_abb882d1e6e3d98efc1c51ff15cc1d64,دیدم توییت تازه است گفتم تا با معنای ارتجاء کسانی مصادره به مطلوبش نکردن بگم بهتون:),1,1
fas_ac9e0be384f263e849f3a77948645c2d,قاسم کورلئونه، سرکرده مافیای ترور، فساد و سرکوب ج.اسلامی و دست راست خامنه‌ای را نمیشه هم با کسی قاطی کرد.,1,1
fas_acb3a17ca037a1793f446522ea10a139,باید آخوند بودن جرم اعلام بشه، گشت بذارن سطح شهر آخوند بگیره، هر کی هم اعتراض کرد بگیم قانون مملکته,1,1
fas_acbbbfd8a708b8791d48614902bac310,کمبود سرباز مال ستاد مشترکه نه مجلس مجلس فقط فکر آقازاده هاشونه,1,1
fas_ad2775605faf7d0a797e4317a5133c29,اراده واقعی نزد مشروطه خواهانه که رهبریشون رو به شاهشون سپردن,1,1
fas_ad3915eb7d5a3ad22146dc8b49c53da0,اخه توی ساندیسی چه گوهی تو زندگیت شدی که ما شدیم دانشجو نما,1,1
fas_ae195c76b4f10328159b148ff1edddd4,در صورت اجرای اعدام عمامه پرانی به آخوندسوزی تبدیل میشه,1,1
fas_ae1cdb2c72e885f0fff65f3fbf0f6f5d,رئیسی که گفته بود گشت ارشاد خواهم داشت ولی برای مسئولین پس گشت ارشاد باید برچیده بشه و گشت ارشاد مسئولین راه اندازی کنه,1,1
fas_ae56c5d8507cfffd4bd2a0b74ad95f3b,قبل اعدام به دخترها تجاوز میکنن  #مهسا_امینی,1,1
fas_aea47130902d4ad2281554f68f67c76c,ببین پوتین ترامپ نیست هااا سانسورش کنید یک فوت کنه 7 جد و آباتون جیق میکشن خلاصه از ما گفتن حقیقت رو بگید تبه کار ها,1,1
fas_aeeae57abc89120a427c777a373549a4,عروس خلیج فارس در زیر آوار مدفون شد.,1,1
fas_af94853a4f9e6f8ae23df1cffb2ee14b,#علی_دهانی امروز در سیستان و بلوچستان اعدام شد. جرم مربوط به خیزش 1401.,1,1
fas_afd689ac553fe211cfdfdffffbb6c318,مذهبی های معمولی نه ولی عرزشیا و چپ ها و آخوندا باید سرکوب شن چون علنا دشمن ایران و ایرانی ان  آزادی بیان به نظر من مال کسیه که داره انتقاد می‌کنه و دنبال اصلاحه ، نه مال کسی که کلا می‌خواد سر به تن کشور و حاکمش و مردمش نباشه  الان به طور مثال من مجازم به پدر و مادر خدابیامرز تو توهین کنم؟!,1,1
fas_b054492d23572e4d2f6b3c05880aabc1,ربطی به بایدن نداره ایالت نيويورک مرکز چپول های عالمه حتی اگه ترامپ هم بود نمیتونست کاری از پیش ببره,1,1
fas_b150fb0410424733a92ad0283e4d77b8,متاسفانه برخلاف ایران همه جای دنیا آزادی بیان هست. این کثافتا هم از این استفاده میکنن,1,1
fas_b168804eb0be8f7f6d2e6f37687a2346,بهت قول میدم خودم برات گودبای پارتی بگیرم وقتی رفتی تو گونی. تفاله  گودبای پارتی دوست داره.,1,1
fas_b24babfd5948ef4a5782a4b95d857035,هر روز از وزیر تا اخوند هم گرفته میگن لزومی به حجاب و اجبار نیست و قس علی هذا … ترتیب گشت ارشاد هم داده شد,1,1
fas_b2e298c9298b047903de0de5c1eb4894,چیزی که من یادم یه بچه لوس بود که با پول باباش و رانت کردن و اودنش تو تیم,1,1
fas_b376b53a64e48101d1261a30213844c7,رانت را دوستی بدی به بیمه ها,1,1
fas_b3ab1b22dd32b54487b88301c9743a90,ترور حاج قاسم و ترور شهید فخری زاده رو برجام تاثیر نداشت، ترور سلمان رشدی چه تاثیری میخواد داشته باشه؟,1,1
fas_b3b01da3c1a84b9faa80c75c9513808d,یعنی واقلا باید رید تو مغزت جاهل الاغ پره مواضع احمدی نژاد درمورد گشت ارشاد,1,1
fas_b3dcfad0375220d94d9ca1bb62e8be1d,نمونه مظلوم ایشونن رفراندوم حتی اصلاح طلبان هم هزاران بارگفتن نتیجه برای همه باعث میشه به آرامش برسن همه مردم کاری ک درسال۵۷شد,1,1
fas_b3f5b448d55abffe363c1cb493dad256,اگه زیادید پس چرا تا اسم رفراندوم می آد همه تون از ترس می شاشید به خودتون,1,1
fas_b424d4029ae508f9b81720f051535183,خدا هم پشيمان از آفرينش قاسم کتلت بود ! چون از دستش در رفته بود ! تا اينکه ترامپ فرستاد سراغش !,1,1
fas_b4cd33ddbb21a5980bd499ce462424b9,از تجریش تا پارک وی نیرو ریختن در رنگ های مختلف ، این وسط بستنی و باقلوا و بلال فروشای باغ فردوس هم در حال فروش !!!!,1,1
fas_b4e08c1848166e8f6c014a323f60d696,هشدار درباره افزایش فعالیت‌های جمهوری اسلامی برای ترور مخالفانش در خاک بریتانیا,1,1
fas_b55cd87356a00ff9fd84582e3bedf6c4,رانت خوار های هم طیف شما هستند قربان,1,1
fas_b5a33bf8c60fce1b913c4e1099ef2730,باور می کنید هستند کسانی که هنوز هم اعتقاد دارند  اشتباه بود؟ با اینکه می بینند دولت منصوب شان هم در پی احیاء همان برجام است!,1,1
fas_b5f9fffe072326e6b85bb91e6620d9fc,اره اگر منطقی هستید رفراندوم برگزار کنید ببینیم مردم الان چیه نظرشون ن چهل سال پیش,1,1
fas_b61a155a81f7221855dc69ff7db7631b,اتفاقا در خصوص برجام هر چقدر از گلابی‌های تخیلی براشون میگفتیم بازم ما رو در موضع ضعف میدیدن🤦🏼‍♀️,1,1
fas_b66c0472aa96dc4e7e588da86fc0f2da,بفرمایید تنها نظامی که برای خودش رفراندوم برگزار کرده جمهوری اسلامیه فروردین ۵۸ دیگه هیچ کشوری اینکارو نکرده,1,1
fas_b6c660b1d7cea75bb099871ccdb47a81,این بایدن کثیف مارو یاد ۵۷ نمیندازه؟ کاش ترامپ بود.....!,1,1
fas_b7346803c43bdf8ecf09dbb0e4812ddd,نگرانِ حذفِ مشروطه خواهان (اصلاح طلبان) است. فینالِ این جامِ حذفی رقابتِ بینِ دو گروه از سلطنت طلبانِ اسلامی (ببخشید پایداری‌چی ها) است که بر سرِ اجرایِ قانونِ حجاب در ستیز هستند:,1,1
fas_b7a4e2eb8ee4d28ba797c39b0b71b095,همیشه همین بوده. هر  اندیشه و دست آوردی را از اول مضحکه کردند از مشروطه و پارلمان بگیر بیا تا دموکراسی و آزادی و حقوق بشر,1,1
fas_b7f99cb10a0d190dd7483967b3fef090,اعتصاب سراسری مهمترین کاره  امروز بازار تجریش تهران اعتصاب کرده  پخش کنید بقیه هم اعتصاب کنن  #مهسا_امینی,1,1
fas_b81c78795d5737093bd654fb2959d371,این حجم از بی تفاوتی نسبت به مطالبه ۱۰هزار دانشجو؟؟,1,1
fas_b833c381ce807d70f8caaaa78b051d2e,چقدر آزادی بیان داریم اینجا. خیلی خوبه,1,1
fas_b876eb49ee15439f27630e8ddb18bcde,اصلاح طلب ها را اعدام کنید راحت شید,1,1
fas_b8e33fbf33ecd20cb0b144812918f1f1,این قانون مجازات اعدام برای همکاری با دول متخاصم یعنی آغاز یک دوره هولناک. می‌ترسم تابستان ۶۷ دیگری در انتظارمون باشه.,1,1
fas_b8ebba6dba96ab061293f560ef723db3,-که کسب‌و‌کارش، توهین به مقدّسات و لجن‌مال کردن سبک زندگی ایرانیان است- پیرو «اباحه‌گری فرهنگی به جای مدیریت فرهنگی» از جانب مدیران کم‌توان یا بعضاً نفوذی و به تبعش، «فتح سنگر به سنگر فرهنگی» توسّط دشمنان اسلام و رشک‌ورزان به تمدّن ایران، حادث می‌شود.,1,1
fas_b97118d55937babfea48317dd4057837,برای من همون بی‌پولی و بیچارگی وقتی حجاب اجباری و گشت ارشاد نباشه خوشایند تره,1,1
fas_b9c8c4c148446c1fd19aabcf15a7bab4,اعدام بس است - برنامه ۲۹۵ در این برنامه گفتگو با شاهین مدرس (کارشناس امنیت بین‌لمللی) در رابطه با اعدام پدرام مدنی متهم به جاسوسی برای اسرائیل,1,1
fas_b9e09af1766cb7f96991127cc8a18f91,رفراندوم چی کشک چی تنها راه نجات براندازیه,1,1
fas_b9f84baeb91e664f025457a510bfd57f,الان تیم مذاکره کننده زنگ میزنن رئیسی میگن اگه پارسال برجام تصویب شده بود الان با پورشت سفرای استانی رو رفته بودی,1,1
fas_b9fcce1d36e9c302cde2f2f882405310,تو یه کشور اسلامی و حکومت دینی، مسولینش باید دغدغه دین و سبک زندگی اسلامی رو داشته باشن وگرنه خاىٔن هستن,1,1
fas_ba1849251064dabffe25812c344bdd11,ایجاد تشکیک به اندازه همون مصادره به مطلوب ها  خطرناکه,1,1
fas_babe201f21df74b308fbc9dbb35e6c15,در پی ابلاغ ممنوعیت نشر تصاویر زنده جان در ولایت فراه، فعالیت تلویزیون ملی این ولایت که تحت کنترل گروه طالبان است، متوقف و به رادیو تبدیل شده است.,1,1
fas_bb30dda4f147586b94a3d6b54c91c4ce,اگر رضاخان همان سردارسپه باقی می ماند و با همان عنوان سردارسپه خدمت می کرد ایران در سراشیبیِ این فلاکت صدساله قرار نمی گرفت. استقلال داشت. حاکمیت داشت. قانون اساسی داشت. یک بنیاد خوب. یکصدسال است ایران قانون اساسی ندارد.,1,1
fas_bc2d6d3aa0823a2df30e9f7432c05752,بنظرت مثلا كي پيام بده مردم ميان بيرون؟ كسي نيست آقا، بنظرم تو اين چندسال اخير فقط ترامپ ميتونست همچين فراخواني بده,1,1
fas_bc3ac3dce332580bbd2a16945f1fa6bf,برای مجلس که بعد از پیروزی انقلاب میشه مجلس ملی ایران نه اسلامی #مهسا_امینی,1,1
fas_bc92e354fbbf151b8cf75ee3947d00d6,از اول انقلاب کلی خونه و زمین مصادره شده ، فقط مال اقا نادر غم شده واست وسط باز ؟,1,1
fas_bcf86556563469dbfecdb640263fda8b,نازی آباد خیلی قوی ظاهر شده به تجریش هم نیرو فرستاده =) بیش باد  #مهسا_امینی,1,1
fas_bd17880bb6fe3fd7f5e77dd46ee4731d,در زمان حمله اعراب مسلمان این اتفاق در ایران افتاده . پناه بردن آخوندهای مشروطه خواه به سفارت انگلیس و  پلو خوردن.,1,1
fas_bd417bbdc764425ad7cd23a36d64b32e,میگه دولت میخواد یه لایحه جدید واسه حجاب بده، خب اینم میره مجلس یه چیزی ازش در میاد بد تر از چیزی که الان هست. نمیشه از حجاب بکشید بیرون؟ شما کار مهم تر ندارید تو این کشور؟,1,1
fas_bd7159658a49b9c551ac275d8d910be9,برای دختر هایی که قبل از اعدام بهشون تجاوز شد,1,1
fas_bde35f57ab6c9b3f5cf036bdaa3e9e5a,کم کم میرن به اون سمت که حجاب و سگ گردانی و... همه چس آزاد ما هم هستیم اون گوشه نفتمون رو میدزدیم!!,1,1
fas_bdf60cd068f59b63fa9a9d7d5ffa1e1d,هر کسی یک قیمتی داره! مثلاً ترامپ اگر ۶۰۰ میلیارد دلار قرارداد ببنده، حاضره خودش رو در جهان مسخره کنه و به خلیج فارس بگه خلیج! بعد طرفدارهاش و چپ‌ها هم بگن خب چه اشکالی داره! اصلاً اسم چه اهمیتی داره! اصلاً مگه الان مشکل ایران اینه؟!!! خلاصه هر کسی یک قیمتی داره!,1,1
fas_be26661ae83ccf91044fb4e789f15b54,مهاجرت اجباری اقوام کشور از دیگر ویژگی های رژیم پهلوی بود...,1,1
fas_be4012a68fa55647381398401bcf3caf,فکر کنم شما نیازمند این هستید که بفهمید مشروطه یعنی تقسیم قدرت شاه و پارلمان نه دولت و پارلمان,1,1
fas_be520cb69971110dcee06fa0397b3d3d,سلبریتی ها چند درصد شریکن ؟ مسئولین تو چه چیزایی شریکن ؟ شرکای فسادهای مالی و اختلاس و رانت چه کسانی اند؟,1,1
fas_beb78729fd11bce4dcbb71bb80a767a2,تقریبا به جنون نزدیک میشم. خانواده دوستام، خاله‌ و عمه و بیشتر فامیل تهران موندن و نرفتند. جنگ داخلی تجزیه آدم‌کشی ترور …یک آشنای دیروز، غریبه امروز پیغام میده که انشالا جمعه جشن پیروزیه…,1,1
fas_c0ab751906a320adc7cb53f5f944069b,ولی میراث ترامپ که همون نابود کردن اصلاح طلبا بود و محبوبیت 3 درصدی، هنوز به قوت خودش باقیه,1,1
fas_c1278741b599335ad01981fce48ae32e,قانون جلوی اینارو میگیره.  قانون برای همه اجرا میشه.  قانون اجازه نمیده همچین موجوداتی تو حکومت باشن.,1,1
fas_c19d50d34c12021d21fe6193c5e5c095,پرزیدنت ترامپ دلها💞,1,1
fas_c1e774464a1f9519d071ad714de3d9c4,کل حضرات با احکام اول انقلاب اعدام باید بشوند,1,1
fas_c2cdd18e4ac125948e6efc6fb20e8b67,منظور از عمله های استبداد همون طالبان سلطنت هست ک الان خودشون رو مشروطه خواه معرفیی میکنن...,1,1
fas_c2f75ee9e98d0fc2b1b1ccfef337b1c4,خود حجاریان متفکر ترور بوده تیر هم به دیوار کمونه میکنه میخوره تو فکش . نمایشی بیش نبوده اون ترور,1,1
fas_c32869b219af1a635c4dc9ecc0f171a9,دقیقا حجت کلاشی می گه با انقلاب مخالفه ، باید به مشروطه برگردیم !! حالا خود مشروطه که کلا اسلام و آخوند بازی بودش,1,1
fas_c34d10dae1a086d648f9fc9b07c33d73,خدا لعنت کند ترامپ را .  #Hero,1,1
fas_c384713b737c6af124897a8eead3944c,چه ربطی به سن داره؟ الان یعنی ترامپ هم ترور بشه سنش بالاست و قبول نیست؟  بعد از کی تا حالا پدر «موشکی» غیرنظامیه؟,1,1
fas_c3d8872de0a9073c3bc089d88ea057bb,در ماجرای اتوبوس تهدید طرفین، ارسال فیلم به سپاه یا مسیح علینژاد بود. یاداوری: سال ۸۸ گشت ارشاد تعطیل شد.,1,1
fas_c41a0505fac9b15ad6b9e0c814eb3ab7,تو تجریش رفته دختری رو‌که زیر دست و پا مامورا بودند رو در بیاره بیرون خودش ملی کتک خورده دستگیر شده,1,1
fas_c5411155efc860a203b66dfb5ed85c20,فکر میکنم همینکه پادشاهی پارلمانی (مشروطه) باشد  محتوایش خود به خود دموکراتیک میشود.,1,1
fas_c5829261cba715ce18781df9822648eb,اقای مرندی عزیز واقعا فکر می کنید که کشورهایی که دو جنگ جهانی بزرگ ر از سر گذروندن بدون برجام نمی تونن زمستون ر سر کنن؟!!😑😑😑,1,1
fas_c5cbe7a6fff16fe68dabf0611e4c3c38,ترکیب هیجان‌انگیزیه؛ نتانیاهو - ترامپ,1,1
fas_c61d7edf79775f2d55cc4b6501e5c2cf,می‌خوایم ترامپ و پادشاه کنیم👑👑,1,1
fas_c827c974b42265f75a959a4b48f3cc4b,اینترنت شما وصل شد؟! اینکه بایدن گیج است شکی نیست وگرنه مثل ترامپ با شما برخورد می کرد!,1,1
fas_c842607672be43e5b585bc3e1d59ebd5,ایراد کار مثل مشروطه حل نکردن مسئله ضرورتِ سکولار بودن دولت بود. ایرانی ها موجودات آسانگیری هستند. این ضرورت فقط با به قدرت رسیدن آخوندها از طرف همگان حس شد و از جنبش سبز به بعد علناً تبدیل به خواستی همگانی شد. نادیده گرفته شدن انجمن های ایالتی هم مثل سابق در عمل تا انقلابِ ژن، ژیان، ئازادی ادامه یافت.,1,1
fas_c8adb75acedac2f2d20a11598b41869c,خبر کشته شدن دانشجوی دانشگاه تهران و اعتراض‌ها در کوی دانشگاه حدود ۲۵ سال بعد از تیر ۷۸ خیلی دردناکه. انگار که دراما از نسلی به نسل بعد منتقل می‌شه، و نیازها اولیه‌تر. از اعتراض برای آزادی بیان تا اعتراض برای تامین امنیت جانی در زندگی روزمره.,1,1
fas_c9241215c381d8fbfa50a2e222105443,گشت ارشاد در اواخر دولت خاتمی درشورای عالی انقلاب فرهنگی تصویب و در زمان مموتی اجرایی شد,1,1
fas_c92474f83cdb2279b5bc522226d986d8,فقط یک دایره مسخره درست کردن از باورهای چرت و فیک و توش میچرخن و حال میکنن و هر کی بیرون از اون دایره باشه یا باید نابود بشه یا ترور شخصیتی!  بابا وا بدین! دوران تعصب و فرقه‌گرایی و زورگویی ایدئولوژیک دیگه گذشت! اینا از نظر من هیچ فرقی با آخوند و ج.ا ندارن!,1,1
fas_c96a65290309d42581727dca7c9e0eae,بسه دلقک بسه برو بشین سر درس و مشقت به تو نیومده برای بچه‌های انقلاب لکچر بدی چه دانشجو چه غیر دانشجو,1,1
fas_c97b318d4ee5c3c852ca13fb6800a33b,وقتشه اموال علی کریمی را مصادره کنید به نفع خسارات وارده,1,1
fas_c996b37f774ffc5a1e6956225fc2bbba,دم ترامپ گرم شرر این شرور رو از ایران و منطقه کم کرد,1,1
fas_c997259ed964e93c4ec2762262188a27,مجلس خبرگانو قبول ندارم متاسفانه,1,1
fas_cb4111ac9964e033a6d85c82510f11c8,دوره همونی که دور دوم رقیبش ۱۸ ملیون رای اورد نه برجام پاره شده بود نه تورم ۵۰ درصدی هنوز رو شده بود,1,1
fas_cc6575493e51743dec88d4aa8f0e6793,بخاطر حجاب 😶😶😶 البته معلوم بود... بخاطر دزدی و کلاهبرداری و اینجور چیزا که کسی تو ج.ا بازخواست نمیشه...,1,1
fas_cc678cb33217a699c567117b85c0798a,خلاصه مشروطه خواهان ضدمشروطه و طرفدار قدرت مطلقه ندیده بودیم که زیارت شد! -اتاق را حزب مشروطه راه انداخته بود.,1,1
fas_ce683f58ddd4f64a7ec1e3a76864f827,چه قانون عجیبی. هر روز چیز عجیب می‌شنویم از امریکا.,1,1
fas_cea3779e19caad5f37fa48a6bea96663,خاک بر سر اونی که رو لباس بچه های تیم ملی اونم تو منطقه ی خلیج فارس اینو چاپ نکرده,1,1
fas_ced9c24b34fa108635c911803879801f,بعدشم ، امیر نادری فیلمای قبل انقلابش همه ی زن ها بی حجاب بودن اگه سازدهنی و دونده هم همینطوره پس تلویزیون جمهوری اسلامی چطوری نشون داده؟!,1,1
fas_cf3c0450053109dcb00cdc1a0e9e90e6,منم مشروطه خواهم ولی الان وقت یارکشی نیست،ما همه باهمیم,1,1
fas_cfb7dcb026dcdc29cc016bf6b52b6cfb,مستند که نه ولی کتاب کتاب هدف ها و مبارزه زن ایرانی از انقلاب مشروطه تا سلطنت پهلوی تا حد خوبی کاور میکنه.,1,1
fas_cfd9c2326df588306856712500b01a81,برای اینکه هر کس تلاش میکند به نتیجه برسد نه کسانی که از رانت و سهمیه استفاده میکنند و به بدنه ی قدرت وصل هستند.,1,1
fas_cfdb304c26522d069ef8a755d61f4027,ولی برای خمینی که زرتش غمسور شد بعد از 33 سال اومدن گفتن احتمال ترور بیولوژیکی مطرحه!,1,1
fas_cfe8be4b4f45d5dc934bb8a639534a15,مصادره کردن هر جنبش مردی به نام خودشم به پرونده رذالت‌هاش اضافه کنید,1,1
fas_d02e61b10a3dd6de04870cfa5da985dc,سلطنت مشروطه و پادشاهی با سلطنت مطلقه فرق داره.  در جریانید؟,1,1
fas_d02e9acb4af0e567b90c5357cafba20a,شما در مورد شعور مردم چی فکر می کردید که فاجعه برجام را فتح الفتوح جا می زدید؟؟,1,1
fas_d0603f7c1101974dd391c834d9458330,نتانیاهو در اینستا ،ترامپ را آنفالو کرد    نکند بخت النصر باشد ،یا شاید مکری باشد,1,1
fas_d08e52eb387334b101028d8f95f5fa22,این قانون رو نمیشه در نظام پادشاهی مشروطه بنویسم ؟ حتما بایستی جمهوری باشه ؟,1,1
fas_d2235b90028700119a585b844fff310e,گلریزون نکردین که🤣دانشجو پولش کجا بود دلار بخره.نزدیکه عیده دارن رضایت ملی گدایی میکنن,1,1
fas_d2cadf1fd9e7df50bd5a4fb98ec660a8,یکی از روش‌های پیدا کردن مشخصات و نشانی سوژه‌های ترور اسراییل.,1,1
fas_d35bb73c253e26ca0a31dc819ae5c2a4,تا جایی که من فهمیدم قانون متوقف نشده. قانون حجاب تصویب شده و سر جاشه. ولی شورای امنیت ملی مجلس به مجلس اعلام کرده که فعلا دستور اجراش رو به دولت ابلاغ نکنن,1,1
fas_d3601d664bfe0101a34ef131a4050c98,الان ترامپ هنوز تو مرحله نوموخوام، قهلمه,1,1
fas_d3aed6efe4dfc5d0b3fd6e9996daf1fb,حالا چرا اینقدر براشفتید از پیشنهاد رفراندوم ؟؟این خواسته همه مردم ایران ..!!,1,1
fas_d3d78cdecda3c854e4e5401f7e2b69d2,برای سفر ترامپ به ایران  #مهسا_امینی,1,1
fas_d3f22e0cf4202ae56100a22d6aaf6e81,اول انقلاب تعداد زیادی خانه مصادره شده بود، یعنی 1 دونه خونه نبود که بره توش؟!!!,1,1
fas_d40ddefd0aef6b5d099dd08a9b5e4c79,آخ آخ فناوری گونی حسابی ترس انداخته به جونتون از زم که بیشتر محافظ ندارید بالاخره سراغ شما ها هم میان گونی تو را میخواند,1,1
fas_d451f4dbcc6910fa68c843cbde21982d,مصادره خون ملت ایران تاسط ایادی رسانه ای سلطنت طلب_مجاهد خلق و کمونیست و تجزیه طلب  اوج رزالت است,1,1
fas_d50303984d6932da6f52ba4667523216,آزادی بیان فقط موقعی معنی داره که همراه موج شون باشی وگرنه تو یک جنایتکار جاهل غارنشین بی فرهنگ هستی,1,1
fas_d58f1a4ac57523154988b68e2d284529,تنها مشکل حرفتون اینه که آزادی دانشجو رو گذاشتید هدف، من میگم باید خیلی بزرگ‌تر به قضیه نگاه کنیم.,1,1
fas_d59deb74a7b3e16e5422ed601e4de771,تا کی میخوای منتظر باشی؟ هر وقت قانون اساسی اصلاح شد و رفراندوم برگزار شد اقتصاد هم بهبود پیدا میکنه,1,1
fas_d5ba0ad14f3caec59735d31c9e63b37c,ممنون از ترامپ عزیز که اشک این الدنگ دیکتاتور را درآورد,1,1
fas_d65be6611b80acb85b4c78c3e285f81e,الان به اندازه کافی ترسیدید یا اون 30 میلیون عم از حسابمون مصادره کنن؟؟,1,1
fas_d6698ba31b190741f640dec25ab8a7c7,در قانون مشروطه بعداز فوت شاه یا ملکه ابتدا در مجلس میگویند زنده باد شاه همان,1,1
fas_d67487596472c0437ace2a659b06318c,برای اعدام های فله ای تون در دهه ۶۰  #مهسا_امینی,1,1
fas_d7236f54f741c2319d9fa4a66399be83,برای برادرم کە در خارج از مرزهای ایران ترور کردین و برادر دیگرم کە سالها زندانی و شکنجە کردین   #مهسا__امینی,1,1
fas_d7b6aafe8789b48f77d9a41149723433,تازه مگه اینا با هشتگ انقلاب نکرده بودن چرا دوباره فرگشت کردن به رفراندوم👊😂,1,1
fas_d7d37e52cd000ec5e164af27371527fd,قانون مهریه اصلاح بشه نصف از وکیلها بیکار میشن. به مهریه که میرسن هی میگن قانون شرعه,1,1
fas_d7ff037bba1f13a528c07e8df2e13984,خاندان پهلوی یعنی بهروز_وثوقی (مطابق مصاحبه‌ی مرحوم محمدعلی فردین) و نیز گوگوش -که خواننده‌ی محبوب همیشگی دربار و به روایتی معشوقه‌ی محمّدرضا پهلوی بوده- یک تجاوز وقیحانه‌ی بی‌سابقه است به سبک زندگی اسلامی-ایرانی و به تمدّن ایرانی؛ علیخانی و تیمش از هیچ لحظه‌ای نخواهند گذشت جهت تبدیل خطوط قرمزی نظیر,1,1
fas_d83259ba0603f109404ca65267404d0d,یا اون صحبتای ترامپ که می گفت با دوستاش سرمایه گذاری کرده بوده قبل انقلاب و.....,1,1
fas_d872a852b2e6627a634d679d2c00b7de,ایتها را اعدام کنیم ولی تا ریشه کار رانت ونابود قانون برای قانون حل نشه وضع همین,1,1
fas_d90688f38f28b286f74bff75bd22887a,من نمیفهمم مگه سوسیال دموکرات بودن یا ملی گرا بودن نوعی از حکومته که بخواد تو یه نظر سنجی با مشروطه خواهی باشه؟,1,1
fas_d96d746326c4e7d31c66f362d23176f9,همون اعدام خوبه تمام میشه میره,1,1
fas_da937cb05981e9ea5107eaf15ea4c699,هیچوقت با اینایی که ننه هاشون تو گشت ارشاد کار میکنن دعوا نکنید,1,1
fas_db4511da726bf18da9217c8b11616dc1,موساد دوباره وسط پایتخت روز روشن یکی رو ترور کرد این کونده پرو ها باز میگن ما امنیت داریم,1,1
fas_dbb46cde3f012381ca91665dcc0fa923,یارو برگشت یکاره گفت مشروطه اتفاق افتاد چون مردم شاه مقتدرتر میخواستن. کرک و پر حسام سلامت ریخت :)),1,1
fas_dd99f1a501b4346f38ba162b4eb95305,بشین تا اعدامش کنن😏😏😏 مگه سلطان سکه و سلطان قیر رو اعدام کردن؟!مگه شهرام جزایری و بابک زنجانی و متهم چای دبش و کاظم صدیقی و سردار حاجی زاده رو اعدام کردن؟!مگه یاسین رامین رو اعدام کردن؟!تازه میارنشون تلویزیون باهاشون مصاحبه هم می‌کنن!,1,1
fas_ddfc8687f8e1fb23deca74c5ce44d833,تشدید روند صدور احکام اعدام در جمهوری اسلامی؛ ادامه بلاتکلیفی متهمان بچه‌‌های اکباتان,1,1
fas_de4cda5d60e8a896d7699c8b16f37915,ترامپ هی میگفت جو خواب آلوده اما کسی گوش نکرد. تو این مدت فقط وقتِ آمریکا و مارو گرفت و گندزد به زمین.,1,1
fas_de56e372630f0e70c967010734c73c46,حاجی مواظب خودت باش چونکه ممکنه تو توی لیست ترور باشی و بخان مثل نادر بکشنت.,1,1
fas_dedb8269b94e9c650ba2d14350149779,ای جانم آقو جزو فیوریتهای من بودید و هستید ولی نمیدونم چرا فکر کردم مشروطه خواه نیستید,1,1
fas_deebb8d82ad338f23c61439e0d0da1fa,#مطهره_گونه‌ای آزاد شد و پس آزادی بلافاصله کشف حجاب هم کرد ... شجاعت این دختر ستودنی ست ...,1,1
fas_df56145759f6c66142eea28ea1edf967,آرای نخبه ها همیشه آلوده به رانت و فساد بوده,1,1
fas_dffac03638d500bc5054c7146e2a5529,محموله‌ها باید گرفته شن و مصادره شن به افغانستان و یمن و کشورهای به تاراج رفته خاورمیانه ...,1,1
fas_e0167a6ec3b20d1b1d677763c59b176d,تو انسان نیستی که فهم داشته باشی درک نمیکنی اگه همسر و فرزندتو میکشتن بازم جلوشون خم و راست میشدی رانت خور عوضی آشغال پست,1,1
fas_e08c6d47a212ba3fa662a88ff1659d3e,حجاب سمبل دوران برده‌داریست. زمانیکه زنان برده‌ی مردان بودند. حجاب را باید با آزادی بیان و نقد سنت‌های کهنه، منسوخ کرد.,1,1
fas_e0abe12357bbd97b0e42298f083858f3,به اموال عمومی آسیب نزنید ون های گشت ارشاد اموال عمومی محسوب نمی شه  اونا رو با کارکنانش آتیش بزنید,1,1
fas_e0cc8d6ce3343dd5bfe5b427cd0edfd2,انفجار یا ترور هدفمند در یک برج مسکونی در بزرگراه همدانی تهران، حوالی دریاچه چیتگر، منطقه ۲۲ با ۲۳ امتیاز و ۰ نظر فرستاده شده در بالاچه سیاسی,1,1
fas_e0ce9dd5463e4118d4f2c55a2448b8a7,بله راست میگین، حتی موشکهامون هم فتوشاپن! میگی نه از اربابت ترامپ بپرس!,1,1
fas_e163916e50700776e65dc3578bef987d,تحلیل خیابونی و دیمی: این فشار جدید حکومت روی مسئله حجاب نشون می‌ده دارند پنهانی و به کمک روسیه با امریکا مذاکره می‌کنند.,1,1
fas_e1797ae773ecc17c142d6a73ea0ca7d8,ما فریاد میزنیم شما مصادره میکنین .,1,1
fas_e27478d1162483fa56d05e22cafe6812,معلومه خودشون نمیرن، مگه سیاستمدارا انگلیس میذارن؟ یه ترامپ خاست کاری کنه دیدی چه سیرکی را انداختن تو کنگره، بقیه‌هم عرعر,1,1
fas_e2fdf583d467012c897fb8fdc02c6554,ولی درست کمپین، اعتراض به نوع برخورد ماموران گشت ارشاد بود، نه ماهیت خود گشت ارشاد,1,1
fas_e3378e978d8473654bfb72a12c0b40ca,با این وضعیت اینترنت و سیاست‌های کثیفی که در پیشه است برانداز شدن که هیچ کارمان به محاربه نرسه خیلیه,1,1
fas_e3a5dcb9f486f50446ae12c15d12b070,گه توقبر همتون با برجام تخمیتون که عمرمون تلف شد,1,1
fas_e412413c6f6960b05b9b5a295e2a81fa,چند دقیقه اینترنت ملی شد کلا داشتم دیونه میشدم,1,1
fas_e48873e06bb0c1bb9cb2cabd61477c6c,در این فرایند مردم هیچ محلی از اعراب ندارند اما برجام در مجموع به نفع مردم خواهد بود,1,1
fas_e53e82bcd51940d4bbdf83ba2059ce6b,والا ما که مردم ایرانیم از اعدام جنایتکاران پشتیبانی می‌کنیم.,1,1
fas_e54f0101b9a04f09054b2c47727799da,رژیم صهیونیستی در عملیات‌های ترور هدفمند خود از سیستم‌های پیشرفته هوش مصنوعی مانند لاوندر (lavender) برای شناسایی و حذف مقامات نظامی و دانشمندان استفاده می‌کند. این سیستم‌ها با تحلیل حجم بالایی از داده‌ها و شناسایی روابط بین افراد، دقت عملیات‌های ترور را به میزان قابل توجهی افزایش…,1,1
fas_e5bba64febdb87509a2b56de2191d760,برای حمله شیراز، گردن‌های بسیار برای اعدام و سیناریوسازی در محبس دارند.,1,1
fas_e62de4232467075e2c3b2cef3e7ed45d,برادران حوزه خلیج فارس زحمتشو کشیدن,1,1
fas_e63b1a4dcef006dd82aa52d3eabd1bd7,دونالد ترامپ کی‌یف را مسئول تداوم جنگ در اوکراین دانست,1,1
fas_e67901f86e589f929d60cf4bd4497619,زن اول ترامپ: خو ب ما چه 😐,1,1
fas_e707a54fe59af435434c30087966f34a,وقتی که بزرگراه در قلب پایتخت به نام نواب صفوی می‌کنین، محمد عبد خدایی و انیس نقاش میارین توی رسانه و با پلشتی از نحوه ترور صحبت می‌کنن، وزیر امور خارجه‌تون میره استقبال تروریست‌ها و … ترور مشکلی نداره!! بی‌شرم‌ها، شما دورترین و بی‌صلاحیت‌ترین آدم‌ها برای محکوم کردن ترور هستید.,1,1
fas_e78d2d669b3f13e972521c02cb2652c9,به معنی برتری وطن پرستان بر چپ های افراطی،کمونیست ها اصلاح طلبان و قرار گرفتن مبارزه در مسیر درست تا رفراندوم و رای واقعی مردم ...,1,1
fas_e81406e46aeb7e1fb3b704af767450a7,آخوند بايد گم بشه . لعن ونفرين برتمام اركان نظام مقدس سرتا ته ترور و جنايت و فساد و دزدي و اختلاس #گشت_کشتار #مهسا_امینی,1,1
fas_e85f3e30369cb325455191fb77b9ac55,و البته پرزیدنت ترامپ غذای مدارس رو شنیدم برای همه رایگان کرد.,1,1
fas_e984d469d4a1d6b9d4fe8ad4f63dd435,ارزشیها معمولا در چنین مواقعی دموکرات و حامی آزادی بیان میشن,1,1
fas_ea7583c9a8831662a5d886467b32f375,آمریکا پشت تایوان رو هم مثل اوکراین خالی کرد  یکی به ملت تایوان بگه بجای استقلال دنبال پرسپولیس باشن  جنگ_جهانی_آخر,1,1
fas_eafad19a9f15b50dad9e2daee6221ecb,اونایی که آزادی، احترام، عدالت، مبارزه با رانت نمیخوان خوب پاشن از ایران برن,1,1
fas_eb514284d5c6ecc2184bbcbf970caf5a,رفراندوم هرگز فقط سرنگونی نظام آخوندی,1,1
fas_ebb6ca3cf19aa84ac7c16c5660fa1c85,مسیح علینژاد فعلا دستور تسخیر سفارت ایران تو کشورای مختلف رو بده نمیخواد اینکارارو بکنه,1,1
fas_ec1a64604fa961afec83785c64c6250b,خب دزدیده شده. خمینی در نوفل لوشاتو از ولایت فقیه عبور کرد و وعده جمهوری فرانسه را به مردم داد. مگر همین الآن هر حرکتی توی ایران اتفاق می افتد عده ای حاضر و آماده نیستند که فوری آن را به نام خود مصادره کرده و بر امواج انقلاب سوار شوند؟ این دزدی انگار رفته توی ژنِ برخی.,1,1
fas_ec8e71ea4ecb646037dec4bc91a4de66,در هر نقطه ای با این شکل و شمایل از خودروها مواجه شدین مراتب را سریعا به جامعه اطلاعاتی اطلاع دهید! این خودروها توسط عناصر نفوذی و خرابکار به عنوان خودرو حمل پهپاد بکار گرفته می شود,1,1
fas_ec9a468b96a4ad63a1754b366c0eb83d,قانون خاصی نیست. یک صندلی خالی میشه و باید براش انتخابات برگزار شه.,1,1
fas_ecd8aa9ef388636a9745c07d379f892f,از این زمین خواری ها و رانت خواری ها زیاد هست.باید برخورد بشه تات دیر نشده,1,1
fas_ed6fe4b300402819a5cf3a71a08b359c,تو ترکیه هم بمونه اعدام میشه,1,1
fas_ed9c62ac74d85dce90b0c74ddf8a00a3,قبولمونه،رای اکثریت همیشه محترمه،همین الانم ما داد میزنیم رفراندوم،بهش احترام میزاریم.,1,1
fas_ee4a2615e370ee6fa25df5d6dd1bfb02,تو منافقی که این همه ظلم رانت دزدی اختلاس تجاوز و…میبینی و بازم حمایت میکنی تا همین راه اشتباهو برن تا بیفتن توی دره,1,1
fas_ee5e60cfd17d541c8451cb3fc861ae66,#مهسا_امینی #OpIran برای همه ادم هایی که اعدام کردین به ناحق,1,1
fas_ee6f4dd985d4b8aac63b632d69d716c7,رژیم مطبوع گوهر کج اندیش ،از بس به عقاید دیگران احترام میگذارد، در آزادی بیان از آخر اول هستیم.,1,1
fas_ee822d2eae3f73cbb405b1699dbf0344,البته نقد به عملکرد گشت ارشاد بی مورد هم نیست اما اینطور واکنش نشان دادن بدتره,1,1
fas_ee97fa73bb853f2b7fd75391463f5c7a,پنجشیری ها تاجیک اند و اهمیتِ هویت مردم را مصادره نکردن، برای شما باید مشخص باشد.,1,1
fas_eef568704e5ec7b6e40c18b6dfaa4fd8,برای خودرو هایی که با رانت چندیدن برابری فروختین.,1,1
fas_ef636721ddd32681292a0c4fc3d5f988,آزادی بیان هم برای خودشونه ؛ این‌واقعا حق فقط‌برای اوناست حواسمون باید باشه ما نباید استفاده کنی,1,1
fas_f052970576e110495a9db3ac03026d73,من اگ الان مدرسه بودم  بی بروبرگشت حکمم اعدام بود:),1,1
fas_f133b4d7f5d88325f5fe4b10c514c9bc,زمانی که دور یک میز بودید سرزمین قاتلان نبود ؟؟ زمانی که مالیات امد ، سوبیست ها و رانت و امتیاز شما قطع شد  ، اینجا سرزمین قاتلان قاتلان !!!,1,1
fas_f1566fe309f4a71d8f5fbfb5c1896788,مسلمون جماعت بخصوص شیعه ها عاشق اعدام و کشتن هستن!,1,1
fas_f48014c628e7f3649a337ab505a23e6d,پس رئیس جمهور سابقی که قرار بود آبان ترور بشه عمران خان بوده,1,1
fas_f4f0935d65492efd488fef83703b1dd9,از مصادره اموال شما جیره خواران نظام کثیف جمهوری اسهالی اتمام فقرا و مردم زیر خط فقر استفاده خواهند کرد,1,1
fas_f5d063330a5945718868588d8ed82128,اگـه مهسا امینی دانشمند بود و توسط رژیم صهیونیستی ترور می‌شد، بنظرتـون الان اوضاع در کشور چـطـوری بود؟!  #همه_برای_ایران,1,1
fas_f6724e0a42a6cac2385b6186ac94e186,پوتین داره به پایان میرسه. ترامپ هم برمیگرده به چین و کره شمالی پایان میده. شاهد نابودی مثل شیطانی روسیه چین کره شمالیس میشیم,1,1
fas_f6761b7702742f164e19e320143d9388,اتفاقا اصل مشکلات فعلی انقلاب همین فاصله گذاری ها و رانت خواری حتا در جای نشستن است دادا,1,1
fas_f6f07fd790355d21125213ea09b289a2,ما جمع شدن گشت ارشاد رو نمیخوایم جمع شدن جمهوری اسلامی رو میخوایم,1,1
fas_f76d125ab24052302d1b3283dc8dcea4,ترودو کارهای خوب اشتباهات زیادی داشته مثل بقیه سیاستمدار ولی برای من بهترین کاری که کرد و تا همیشه تو ذهنم میمونه برنامه مهد روزی ۱۰ دلار بود.به هزاران دلیل از جمله برابر نبودن دستمزد زن و مردا زنای زیادی که بخاطر هزینه مهد خونه نشین اجباری شده بودند که تونستند راحت تر به کار و استقلال مالی برگردند.,1,1
fas_f78e6f4214d23948102e61e32e812cb4,همه این حرفها رو محض رضای ایران رها کنید و روی یک چیز متمرکز بشیم ؛ آخوند کشی و رفراندوم,1,1
fas_f80d67b97f7fd5846eb13b515d15d810,اقای ترامپ قول اینترنت پر سرعت وغیرقابل کنترل را داد،فراموش شد ،به داد ملت ایران برسید،مثل نامرد بایدن  نباشید,1,1
fas_f88c4e0e1016bddc2d9cece6039c0fda,تا جایی که اسناد می گویند تنها چیزی که همگان بر آن توافق داشتند «وعده های خمینی در نوفل لوشاتو»(یک جمهوری ای مثل فرانسه با این تفاوت که مانند قانون اساسی مشروطه پنج فقیه بر تطبیق قوانین با شرع نظارت دارند) بود نه ولایت فقیه، سپاه پاسداران، گروگان‌گیری و انقلاب فرهنگی.,1,1
fas_f8af87a814a7a472cffd1847b3c78396,بنر بزرگ تشکر سوری‌ها از محمد بن‌سلمان و ترامپ در قلب دمشق,1,1
fas_f9b0635fad4efbcf6e114927a69d3a43,ارزشی ها ترامپ رو دوست داشتن. بدون اون سپاه و رییسی به قدرت نمیرسیدن.,1,1
fas_fa5cf833d6d572d6d7c855582b4a89ad,مموتی طور جواب نده بچه کونی. ترامپ که زد شاش قاسم را کتلت کرد. حالا بگو ببینم مستعان ۱۱۰ کجاست بچه فاکتوری,1,1
fas_fbce156f41473e2ecf4dfd0ae7f7c964,ماسونرهای لندن ساپورتش میکنن وگرنه مثل بقیه عربهای خلیج فارس میبود,1,1
fas_fc1535b6e2e16f09a79c759abffff202,حالا کدام خری به شما گفته در صورت تشکیل یک حکومت مشروطه در ایران قرار هست تک حذبی باشه؟,1,1
fas_fc5a01d1bcd14499bb60ae2068cab322,متقابلا موافقان طرح صیانت نگران دزدی و رانت و اختلاص میلیاردی خود هستند,1,1
fas_fc8f8829a77347b6c2b9b0dba4152cba,بر منکرش لعنت. ولی اینها تا به مشروطه و پهلوی‌ها می‌رسن خالی از منطق می‌شن. و کاری جز تحقیر و توهین نمی‌شناسن.,1,1
fas_fcec750e0aebb60411d0dd8fd1f67de5,داشتم میگفتم چرا رانت چه بخوای چه نخوای باعث موفقیت می‌شه و چطور باید ارش جلوگیری کرد. روش جلوگیریش ثرد تو بود.,1,1
fas_fdcaaa45e19165eea8f752ce311d480f,من نمیگم اینو. ساختار ولایت فقیه اینو میگه در حالیکه ساختار سلطنت مشروطه نمیگه. ساختار هر نوع حکومت کاملا مشخص و واضحه.  فکر کنم شما هم کاملا متوجه منظورم شدید اگر بدون پیش‌داوری خونده باشید. موفق باشید,1,1
fas_fe197a9a5f98ede174b51de62d5487c3,فرزندان امام خمینی رحمه‌الله علیه رو هم با همین منطق ترور کردند که در آینده خطری براشون نداشته باشه,1,1
fas_fe95e1a5df4ac7a0287bc8ea3f0e350b,دوباره اعدام نکنید راه انداختند. کصخلی چیزی هستین؟,1,1
fas_fed4c6643e29b566de93f0177804a7ec,چرا ترامپ اینو معاون کرد ؟  فریب خورد ؟,1,1
fas_ff718eeccdba6cc20643ab7f58432528,یادت رفت شاهین نجفی مشروطه خواه شده,1,1
fas_ff8f2c3c0075deb5df7628aed43b8c56,نعیمه این قانون نیست قانون تمام جوانب رو میسنجه و بعد تصویب میشه قانون نمیتونه یک چیز یک طرفه باشه این اسمش زورگویی و تجاوزه به حقوق شهرونده,1,1
fas_ffb73059c4cb2758345102b562d3e7b0,غربی ها از طریق رسانه ها میتونن بخوابونن اگر رژیم برجام امضا بکنه,1,1
fas_ffbcb716b38ddadca38cd37306942e81,ای وای نه! طبق تجربه شخصی میگم اگه بد بشه، حجاب بدترش می‌کنه. من یه مدت شبیه کلم بروکلی بزرگی بودم که سلیفون کشیدن سرش.  😭🤦🏻‍♀️,1,1
